lang,binL,binA,binB,js_surface,llm_surface_in_vocab_frac,js_head,llm_head_in_vocab_frac,human_surface_top,llm_surface_top,human_head_top,llm_head_top,human_labels_surface,human_labels_head,samples,human_mass,dominant_prop_head
chinese,7,-2,-4,0.38093009090978813,1.0,0.1908745046211096,1.0,天蓝色,天蓝色,蓝,蓝,11,3,3,24,0.6666666666666666
chinese,8,-4,-2,0.56278270669339,1.0,0.56278270669339,1.0,蓝色,青色,蓝,青,10,4,3,21,0.6190476190476191
chinese,4,3,-8,0.3770700051845914,1.0,0.1460154138264635,1.0,蓝色,蓝色,蓝,蓝,12,2,3,19,0.7368421052631579
chinese,8,-7,7,0.4059369371110203,1.0,0.2686664765895091,1.0,绿色,绿色,绿,绿,10,3,3,18,0.5555555555555556
chinese,6,8,-5,1.0,0.0,0.8361240669204161,1.0,紫色,<OTHER_SURF>,紫,粉,13,4,3,17,0.47058823529411764
chinese,8,-4,7,0.8754610911118265,0.3333333333333333,0.10075835866045646,1.0,草绿色,<OTHER_SURF>,绿,绿,10,3,3,16,0.8125
chinese,8,-4,-1,0.6263832733354795,1.0,0.5487949406953986,1.0,青蓝色,青色,蓝,青,11,5,3,16,0.375
chinese,6,-4,0,0.8285353655857572,1.0,0.6263832733354795,1.0,绿色,青色,绿,青,13,3,3,16,0.5625
chinese,3,4,-8,0.6099865470109875,1.0,0.10803154614560012,1.0,深蓝色,蓝色,蓝,蓝,10,2,3,15,0.8
chinese,8,-7,6,0.4591479170272448,1.0,0.1908745046211096,1.0,绿色,绿色,绿,绿,10,2,3,15,0.6666666666666666
chinese,4,2,-7,0.4591479170272448,1.0,0.14818913558232158,1.0,蓝色,蓝色,蓝,蓝,10,3,3,15,0.7333333333333333
chinese,4,1,-6,0.2067988904455705,1.0,0.036668667365250165,1.0,蓝色,蓝色,蓝,蓝,4,2,3,14,0.9285714285714286
chinese,6,-6,6,0.3705065005495052,1.0,0.07539593734971191,1.0,绿色,绿色,绿,绿,5,2,3,14,0.8571428571428571
chinese,9,-5,8,0.8639403346394542,0.3333333333333333,0.07539593734971191,1.0,绿色,<OTHER_SURF>,绿,绿,9,3,3,14,0.8571428571428571
chinese,5,7,5,0.28148611124962236,1.0,0.039571600004613725,1.0,红色,红色,红,红,7,2,3,13,0.9230769230769231
chinese,3,6,-10,0.8001056702702978,1.0,0.8001056702702978,1.0,蓝色,紫色,蓝,紫,9,4,3,13,0.6923076923076923
chinese,6,-1,-5,0.1292814497142166,1.0,0.039571600004613725,1.0,蓝色,蓝色,蓝,蓝,5,2,3,13,0.9230769230769231
chinese,5,7,6,1.0,0.0,1.0,0.0,红色,<OTHER_SURF>,红,<OTHER_HEAD>,7,2,3,13,0.9230769230769231
chinese,4,7,-9,0.48534030902224723,1.0,0.22565578682616286,1.0,紫色,紫色,紫,紫,8,3,3,13,0.6153846153846154
chinese,8,-6,7,1.0,0.0,0.04297386768136866,1.0,绿色,<OTHER_SURF>,绿,绿,5,2,3,12,0.9166666666666666
chinese,8,1,8,0.6548575458269756,1.0,0.0888056394794565,1.0,黄色,黄色,黄,黄,11,3,3,12,0.8333333333333334
chinese,3,-1,-2,1.0,0.0,0.39045039653788804,1.0,普蓝色,<OTHER_SURF>,蓝,蓝,12,6,3,12,0.3333333333333333
chinese,6,-3,6,0.3829735288677609,1.0,0.0888056394794565,1.0,绿色,绿色,绿,绿,9,3,3,12,0.8333333333333334
chinese,3,5,-9,0.4591479170272447,1.0,0.0888056394794565,1.0,深蓝色,蓝色,蓝,蓝,6,3,3,12,0.8333333333333334
chinese,8,-5,1,0.7880764030341532,1.0,0.7880764030341532,1.0,绿色,青色,绿,青,10,5,3,12,0.5833333333333334
chinese,5,6,6,0.5487949406953986,1.0,0.5487949406953986,1.0,红色,橙色,红,橙,7,3,3,12,0.6666666666666666
chinese,4,4,-9,0.31127812445913283,1.0,0.1379253809700299,1.0,蓝色,蓝色,蓝,蓝,6,2,3,12,0.75
chinese,5,8,-6,0.3112781244591328,1.0,0.1379253809700299,1.0,紫色,紫色,紫,紫,6,3,3,12,0.75
chinese,4,4,-4,0.1379253809700299,1.0,0.0,1.0,紫色,紫色,紫,紫,4,1,3,12,1.0
chinese,5,7,1,0.6608764380242655,1.0,0.1474312714978547,1.0,玫红色,粉红色,红,红,11,5,3,12,0.5833333333333334
chinese,5,6,2,0.7880764030341532,1.0,0.0888056394794565,1.0,红色,红色,红,红,12,3,3,12,0.8333333333333334
chinese,5,7,3,0.4591479170272448,1.0,0.04297386768136866,1.0,红色,红色,红,红,9,2,3,12,0.9166666666666666
chinese,7,2,-3,0.7880764030341532,1.0,0.04297386768136866,1.0,淡紫色,紫色,紫,紫,8,2,3,12,0.9166666666666666
chinese,3,-2,0,0.7704260414863777,0.3333333333333333,0.49651300166946527,0.3333333333333333,深绿色,<OTHER_SURF>,绿,<OTHER_HEAD>,7,3,3,12,0.8333333333333334
chinese,5,0,5,0.6991966271302658,0.6666666666666666,0.43709270815304424,0.6666666666666666,棕黄色,棕色,黄,棕,11,7,3,12,0.3333333333333333
chinese,5,2,-7,0.3112781244591328,1.0,0.1379253809700299,1.0,蓝色,蓝色,蓝,蓝,6,2,3,12,0.75
chinese,5,8,-4,0.7994845207244832,0.6666666666666666,0.04789830237012324,1.0,粉紫色,紫色,紫,紫,9,3,3,11,0.6363636363636364
chinese,5,8,-7,0.6340014304170942,1.0,0.2762115685491563,1.0,紫红色,紫色,紫,紫,7,4,3,11,0.5454545454545454
chinese,7,-3,-3,0.27621156854915624,1.0,0.09747776910199239,1.0,天蓝色,天蓝色,蓝,蓝,6,2,3,11,0.8181818181818182
chinese,8,-6,4,0.5174743790327708,0.6666666666666666,0.09747776910199239,1.0,绿色,绿色,绿,绿,8,2,3,11,0.8181818181818182
chinese,6,0,-6,0.42956313049465866,1.0,0.09747776910199239,1.0,蓝色,蓝色,蓝,蓝,7,2,3,11,0.8181818181818182
chinese,5,7,4,0.34833583088395825,1.0,0.21120828333872171,1.0,红色,红色,红,红,7,5,3,11,0.6363636363636364
chinese,8,-6,5,0.42956313049465866,1.0,0.1519602295264612,1.0,绿色,绿色,绿,绿,8,2,3,11,0.7272727272727273
chinese,5,1,-7,0.42956313049465866,1.0,0.04701649434226942,1.0,蓝色,蓝色,蓝,蓝,8,2,3,11,0.9090909090909091
chinese,4,1,-5,0.42956313049465866,1.0,0.09747776910199239,1.0,蓝色,蓝色,蓝,蓝,8,2,3,11,0.8181818181818182
chinese,9,-5,0,0.42956313049465866,1.0,0.34833583088395825,1.0,青色,青色,青,青,8,5,3,11,0.45454545454545453
chinese,3,2,-6,0.42956313049465866,1.0,0.2112082833387217,1.0,蓝色,蓝色,蓝,蓝,6,4,3,11,0.6363636363636364
chinese,9,-3,8,1.0,0.0,0.5229848362894218,1.0,螢光綠色,<OTHER_SURF>,黄,绿,9,3,3,11,0.45454545454545453
chinese,3,5,-5,0.1519602295264612,1.0,0.0,1.0,紫色,紫色,紫,紫,4,1,3,11,1.0
chinese,8,-5,6,0.5174743790327709,0.6666666666666666,0.04701649434226942,1.0,绿色,绿色,绿,绿,6,2,3,11,0.9090909090909091
chinese,7,-5,1,0.6340014304170941,1.0,0.6340014304170942,1.0,青色,青色,綠,青,9,3,3,11,0.45454545454545453
chinese,4,-1,-3,0.7742817180161998,1.0,0.34833583088395825,1.0,藏青色,蓝色,蓝,蓝,10,4,3,11,0.45454545454545453
chinese,7,3,7,0.27621156854915624,1.0,0.27621156854915624,1.0,橙色,橙色,橙,橙,6,5,3,11,0.5454545454545454
chinese,5,2,-6,0.5174743790327709,0.6666666666666666,0.06662143232282708,1.0,蓝紫色,蓝色,蓝,蓝,5,2,3,11,0.9090909090909091
chinese,7,0,6,1.0,0.0,0.27621156854915624,1.0,土黄色,<OTHER_SURF>,黄,黄,7,5,3,11,0.5454545454545454
chinese,4,0,-4,0.5229848362894218,1.0,0.09747776910199239,1.0,蓝色,蓝色,蓝,蓝,8,2,3,11,0.8181818181818182
chinese,8,-6,3,0.6340014304170942,1.0,0.27621156854915624,1.0,绿色,绿色,绿,绿,10,5,3,11,0.5454545454545454
chinese,7,-6,6,0.09747776910199239,1.0,0.0,1.0,绿色,绿色,绿,绿,3,1,3,11,1.0
chinese,6,-5,4,0.49342260576014463,1.0,0.10803154614560012,1.0,深绿色,绿色,绿,绿,6,2,3,10,0.8
chinese,5,-5,5,0.4934226057601447,1.0,0.051899160321315516,1.0,深绿色,绿色,绿,绿,5,2,3,10,0.9
chinese,6,5,-2,0.6099865470109875,1.0,0.4934226057601447,1.0,紫粉色,粉色,紫,粉,8,4,3,10,0.4
chinese,8,3,-2,0.6099865470109875,1.0,0.16919485510105411,1.0,粉紅色,粉色,粉,粉,7,2,3,10,0.7
chinese,8,2,1,0.6169996087633719,1.0,0.19907364213425857,1.0,肉色,粉色,粉,粉,9,4,3,10,0.6
chinese,4,7,-8,0.10803154614560012,1.0,0.0,1.0,紫色,紫色,紫,紫,3,1,3,10,1.0
chinese,9,-2,0,1.0,0.0,0.3958156020033583,1.0,淡绿色,<OTHER_SURF>,绿,绿,9,6,3,10,0.4
chinese,1,0,-1,1.0,0.0,0.745484265886676,0.3333333333333333,黑色,<OTHER_SURF>,黑,<OTHER_HEAD>,4,2,3,10,0.8
chinese,5,6,-6,0.23645279766002797,1.0,0.10803154614560012,1.0,紫色,紫色,紫,紫,5,3,3,10,0.8
chinese,8,-3,-2,1.0,0.0,0.7582766571931676,1.0,天蓝色,<OTHER_SURF>,蓝,青,6,3,3,10,0.7
chinese,9,-6,3,0.6839663867737719,0.3333333333333333,0.0,1.0,绿色,<OTHER_SURF>,绿,绿,5,1,3,10,1.0
chinese,6,-4,5,0.051899160321315516,1.0,0.0,1.0,绿色,绿色,绿,绿,2,1,3,10,1.0
chinese,9,-1,8,0.16919485510105414,1.0,0.051899160321315516,1.0,黄色,黄色,黄,黄,4,2,3,10,0.9
chinese,7,-4,1,0.42945065266044785,0.6666666666666666,0.0009263132197681982,1.0,青色,<OTHER_SURF>,绿,绿,7,2,3,10,0.7
chinese,8,-7,5,0.6099865470109875,1.0,0.051899160321315516,1.0,亮绿色,绿色,绿,绿,7,2,3,10,0.9
chinese,9,-7,8,0.6622817371734298,0.6666666666666666,0.16919485510105411,1.0,荧光绿色,绿色,绿,绿,6,2,3,10,0.7
chinese,4,6,4,0.3958156020033583,1.0,0.23645279766002797,1.0,红色,红色,红,红,5,3,3,10,0.6
chinese,5,-4,3,0.5681073008671411,0.6666666666666666,0.10803154614560012,1.0,深绿色,绿色,绿,绿,4,2,3,10,0.8
chinese,6,-5,5,0.4934226057601447,1.0,0.10803154614560012,1.0,绿色,绿色,绿,绿,8,2,3,10,0.8
chinese,4,-3,1,0.831140868586715,0.3333333333333333,0.16919485510105414,1.0,深绿色,<OTHER_SURF>,绿,绿,8,3,3,10,0.7
chinese,3,1,-5,0.6099865470109875,1.0,0.23645279766002797,1.0,蓝色,蓝色,蓝,蓝,8,3,3,10,0.6
chinese,5,8,-2,0.5681073008671411,0.6666666666666666,0.020720839623908215,1.0,粉色,粉色,红,粉,7,2,3,10,0.5
chinese,9,-5,-1,0.7582766571931676,1.0,0.7582766571931677,1.0,天蓝色,青色,蓝,青,9,3,3,10,0.8
chinese,5,1,-6,0.051899160321315516,1.0,0.051899160321315516,1.0,蓝色,蓝色,蓝,蓝,2,2,3,10,0.9
chinese,7,-5,2,1.0,0.0,1.0,0.0,绿色,<OTHER_SURF>,绿,<OTHER_HEAD>,6,2,3,10,0.8
chinese,9,-5,1,0.785858740176657,0.6666666666666666,0.3812959924872118,1.0,浅蓝色,青色,绿,青,10,5,3,10,0.5
chinese,6,-4,3,0.6099865470109875,1.0,0.051899160321315516,1.0,绿色,绿色,绿,绿,8,2,3,10,0.9
chinese,8,0,7,1.0,0.0,0.16919485510105414,1.0,土黄色,<OTHER_SURF>,黄,黄,6,4,3,10,0.7
chinese,2,4,-7,0.3958156020033583,1.0,0.051899160321315516,1.0,蓝色,蓝色,蓝,蓝,5,2,3,10,0.9
chinese,5,7,-1,0.6169996087633719,1.0,0.2978039929652123,1.0,紫色,粉色,红,粉,8,4,3,10,0.4
chinese,6,-2,-3,0.4934226057601447,1.0,0.10803154614560012,1.0,湖蓝色,蓝色,蓝,蓝,8,3,3,10,0.8
chinese,4,6,-4,0.23645279766002797,1.0,0.051899160321315516,1.0,紫色,紫色,紫,紫,5,2,3,10,0.9
chinese,6,-4,2,0.6099865470109875,1.0,0.10803154614560012,1.0,绿色,绿色,绿,绿,9,2,3,10,0.8
chinese,5,-4,5,0.7582766571931676,1.0,0.23645279766002797,1.0,綠色,绿色,绿,绿,7,2,3,10,0.6
chinese,7,1,6,1.0,0.0,0.31695992644599635,0.6666666666666666,土黄色,<OTHER_SURF>,黄,黄,7,4,3,10,0.7
chinese,7,4,0,0.5954372523105548,0.3333333333333333,0.4591479170272448,0.3333333333333333,粉色,<OTHER_SURF>,粉,<OTHER_HEAD>,5,1,3,10,1.0
chinese,5,3,5,0.31127812445913283,1.0,0.31127812445913283,1.0,棕色,棕色,棕,棕,6,6,3,10,0.5
chinese,3,5,2,0.7582766571931677,1.0,0.10803154614560012,1.0,深红色,酒红色,红,红,8,3,3,10,0.8
chinese,6,8,-2,0.785858740176657,0.6666666666666666,0.29060281290448764,1.0,玫红色,粉色,红,粉,5,3,3,10,0.8
chinese,5,-4,2,0.5819765115539189,1.0,0.05791426176250229,1.0,深绿色,绿色,绿,绿,6,2,3,9,0.8888888888888888
chinese,6,-2,-4,0.5408520829727551,0.6666666666666666,0.05791426176250229,1.0,蓝色,蓝色,蓝,蓝,7,2,3,9,0.8888888888888888
chinese,8,-1,6,1.0,0.0,0.2337114497511379,0.6666666666666666,土黄色,<OTHER_SURF>,黄,黄,6,2,3,9,0.8888888888888888
chinese,7,-6,5,0.2686664765895091,1.0,0.12115608152133563,1.0,绿色,绿色,绿,绿,5,2,3,9,0.7777777777777778
chinese,7,-2,0,1.0,0.0,0.34571214036244396,1.0,灰绿色,<OTHER_SURF>,绿,青,8,5,3,9,0.5555555555555556
chinese,4,6,-9,0.7394468924503992,1.0,0.7394468924503992,1.0,蓝紫色,紫色,蓝,紫,6,4,3,9,0.5555555555555556
chinese,9,-1,9,0.2686664765895091,1.0,0.05791426176250229,1.0,黄色,黄色,黄,黄,5,2,3,9,0.8888888888888888
chinese,3,5,-8,1.0,0.0,0.7394468924503992,1.0,蓝色,<OTHER_SURF>,蓝,紫,9,3,3,9,0.5555555555555556
chinese,9,-4,8,0.8197159723424148,0.3333333333333333,0.0,1.0,荧光绿色,<OTHER_SURF>,绿,绿,7,1,3,9,1.0
chinese,5,-1,5,1.0,0.0,0.3333333333333333,0.6666666666666666,黄绿色,<OTHER_SURF>,绿,绿,9,2,3,9,0.6666666666666666
chinese,6,-1,-2,0.6394319446848298,0.6666666666666666,0.2686664765895091,1.0,蓝色,蓝色,蓝,蓝,8,4,3,9,0.5555555555555556
chinese,7,-2,-3,0.7394468924503992,1.0,0.1908745046211096,1.0,灰藍色,天蓝色,蓝,蓝,7,3,3,9,0.6666666666666666
chinese,4,6,-2,0.7394468924503992,1.0,0.2686664765895091,1.0,紫红色,紫色,紫,紫,7,3,3,9,0.5555555555555556
chinese,5,-2,-3,0.5819765115539188,1.0,0.2686664765895091,1.0,蓝色,蓝色,蓝,蓝,8,4,3,9,0.5555555555555556
chinese,2,2,-5,0.38676075542688615,1.0,0.1908745046211096,1.0,深蓝色,蓝色,蓝,蓝,6,3,3,9,0.6666666666666666
chinese,7,-4,-1,0.4591479170272448,1.0,0.4591479170272448,1.0,青色,青色,蓝,青,7,4,3,9,0.3333333333333333
chinese,6,3,-5,0.4591479170272448,1.0,0.05791426176250229,1.0,紫色,紫色,紫,紫,6,2,3,9,0.8888888888888888
chinese,6,0,1,0.1908745046211096,1.0,0.12115608152133563,1.0,灰色,灰色,灰,灰,4,3,3,9,0.7777777777777778
chinese,5,7,-6,0.4591479170272448,1.0,0.05791426176250229,1.0,亮紫色,紫色,紫,紫,4,2,3,9,0.8888888888888888
chinese,1,3,-5,0.4863826390090816,0.6666666666666666,0.19087450462110941,1.0,深蓝色,深蓝色,蓝,蓝,7,4,3,9,0.4444444444444444
chinese,3,5,-7,0.35686714873036735,1.0,0.12115608152133563,1.0,紫色,紫色,紫,紫,5,2,3,9,0.7777777777777778
chinese,8,-1,3,1.0,0.0,0.15304930567574826,1.0,绿色,<OTHER_SURF>,绿,绿,8,4,3,9,0.6666666666666666
chinese,5,-3,1,1.0,0.0,0.1908745046211096,1.0,深绿色,<OTHER_SURF>,绿,绿,7,2,3,9,0.6666666666666666
chinese,5,-5,4,0.2686664765895091,1.0,0.05791426176250229,1.0,绿色,绿色,绿,绿,5,2,3,9,0.8888888888888888
chinese,5,7,-4,0.5819765115539188,1.0,0.3568671487303674,1.0,紫色,紫色,紫,紫,8,3,3,9,0.4444444444444444
chinese,4,5,-9,0.7394468924503992,1.0,0.4591479170272448,1.0,紫色,蓝色,藍,蓝,9,5,3,9,0.3333333333333333
chinese,7,-3,6,0.6394319446848298,0.6666666666666666,0.0,1.0,黄绿色,草绿色,绿,绿,8,1,3,9,1.0
chinese,9,-3,7,0.6394319446848298,0.6666666666666666,0.35686714873036735,1.0,黄绿色,黄绿色,绿,绿,8,4,3,9,0.4444444444444444
chinese,6,0,-3,0.4591479170272448,1.0,0.05791426176250229,1.0,蓝色,蓝色,蓝,蓝,6,2,3,9,0.8888888888888888
chinese,3,5,0,0.5896210028937321,1.0,0.059203759652971,1.0,深粉色,紫红色,红,红,9,3,3,9,0.5555555555555556
chinese,9,-2,3,0.6394319446848298,0.6666666666666666,0.2686664765895091,1.0,绿色,浅绿色,绿,绿,7,3,3,9,0.5555555555555556
chinese,7,2,7,0.4591479170272448,1.0,0.4591479170272448,1.0,橙色,橙色,黄,橙,6,4,3,9,0.4444444444444444
chinese,7,3,2,1.0,0.0,1.0,0.0,粉色,<OTHER_SURF>,粉,<OTHER_HEAD>,9,4,3,9,0.4444444444444444
chinese,4,-2,-1,1.0,0.0,0.7394468924503992,1.0,灰绿色,<OTHER_SURF>,绿,青,8,3,3,9,0.6666666666666666
chinese,5,7,-2,0.7699050305513172,0.6666666666666666,0.271143584513125,1.0,粉色,紫色,粉,紫,9,4,3,9,0.3333333333333333
chinese,1,2,-3,0.5819765115539188,1.0,0.3568671487303674,1.0,黑色,紫色,紫,紫,6,4,3,9,0.4444444444444444
chinese,9,-6,8,0.6394319446848298,0.6666666666666666,0.12115608152133563,1.0,亮绿色,<OTHER_SURF>,绿,绿,8,2,3,9,0.7777777777777778
chinese,4,0,-5,0.4591479170272448,1.0,0.0,1.0,蓝色,蓝色,蓝,蓝,5,1,3,9,1.0
chinese,2,4,-6,0.5819765115539188,1.0,0.3568671487303674,1.0,深藍色,紫色,紫,紫,6,3,3,9,0.4444444444444444
chinese,4,-3,2,0.35686714873036735,1.0,0.0,1.0,绿色,绿色,绿,绿,4,1,3,9,1.0
chinese,6,6,5,0.7394468924503992,1.0,0.7394468924503992,1.0,橙红色,橙色,红,橙,7,3,3,9,0.7777777777777778
chinese,3,1,-2,1.0,0.0,1.0,0.0,紫黑色,<OTHER_SURF>,黑,<OTHER_HEAD>,8,4,3,9,0.4444444444444444
chinese,6,-3,0,0.7394468924503992,1.0,0.7394468924503992,1.0,蓝绿色,青色,绿,青,8,5,3,9,0.5555555555555556
chinese,7,-2,1,1.0,0.0,0.05791426176250229,1.0,没有生机的绿色,<OTHER_SURF>,绿,绿,9,2,3,9,0.8888888888888888
chinese,4,2,-2,1.0,0.0,0.2686664765895091,1.0,灰紫色,<OTHER_SURF>,紫,紫,5,3,3,9,0.5555555555555556
chinese,5,0,-6,0.4591479170272448,1.0,0.2686664765895091,1.0,蓝色,蓝色,蓝,蓝,5,2,3,9,0.5555555555555556
chinese,4,6,5,0.7394468924503992,1.0,0.05791426176250229,1.0,大红色,红色,红,红,6,2,3,9,0.8888888888888888
chinese,3,1,-4,1.0,0.0,0.12115608152133563,1.0,深蓝色,<OTHER_SURF>,蓝,蓝,4,3,3,9,0.7777777777777778
chinese,4,-4,4,0.7394468924503992,1.0,0.1908745046211096,1.0,綠色,绿色,绿,绿,8,2,3,9,0.6666666666666666
chinese,9,-1,2,0.4591479170272448,1.0,0.4591479170272448,1.0,浅绿色,浅绿色,绿,绿,7,5,3,9,0.3333333333333333
chinese,2,3,-5,0.5819765115539188,1.0,0.4591479170272448,1.0,紫色,紫色,蓝,紫,8,3,3,9,0.5555555555555556
chinese,4,-2,4,1.0,0.0,0.05791426176250229,1.0,深绿色,<OTHER_SURF>,绿,绿,7,2,3,9,0.8888888888888888
chinese,6,3,-3,0.4591479170272448,1.0,0.12115608152133563,1.0,紫色,紫色,紫,紫,6,3,3,9,0.7777777777777778
english,8,-7,7,0.46264038957515996,1.0,0.18465540029575353,1.0,green,green,green,green,61,54,3,670,0.6761194029850747
english,3,6,-10,0.9283225570965009,1.0,0.923602058193091,1.0,blue,purple,blue,purple,61,52,3,593,0.6492411467116358
english,7,-6,6,0.3117156833827519,1.0,0.23502163878254362,1.0,green,green,green,green,57,49,3,460,0.7304347826086957
english,5,7,6,0.12583819005441982,1.0,0.1063857485367796,1.0,red,red,red,red,50,43,3,426,0.8028169014084507
english,8,-4,-2,0.7020579117877142,1.0,0.6943103262828598,1.0,blue,turquoise,blue,turquoise,55,44,3,394,0.31218274111675126
english,8,-6,3,0.8455749714104923,1.0,0.8341297188541482,1.0,green,mint green,green,mint green,83,63,3,368,0.4266304347826087
english,6,-1,-5,0.6424118294921868,1.0,0.6424118294921868,1.0,blue,sky blue,blue,sky blue,54,45,3,353,0.6147308781869688
english,8,-5,0,0.6122194453256127,1.0,0.6122194453256127,1.0,teal,turquoise,teal,turquoise,63,54,3,348,0.21551724137931033
english,7,-2,-4,0.5314879148931981,1.0,0.5282482252548317,1.0,blue,sky blue,blue,sky blue,42,35,3,347,0.5129682997118156
english,7,-3,-3,0.48047379912991306,1.0,0.46287283448747396,1.0,blue,cyan,blue,cyan,46,39,3,335,0.4298507462686567
english,8,-7,6,0.4366095625434645,1.0,0.17458199831961363,1.0,green,green,green,green,38,33,3,334,0.6916167664670658
english,9,-3,8,0.8269994778927809,1.0,0.8269994778927807,1.0,lime green,lime,yellow,lime,77,62,3,332,0.21987951807228914
english,9,-4,8,0.7337674062162942,1.0,0.7287131042890483,1.0,lime green,lime,green,lime,54,40,3,323,0.2848297213622291
english,8,-6,2,0.7067017967022653,1.0,0.69230844874295,1.0,green,turquoise,green,turquoise,74,57,3,322,0.2422360248447205
english,9,-5,8,0.7846851096136973,1.0,0.7732548180608594,1.0,lime green,lime,green,lime,44,32,3,317,0.4195583596214511
english,3,5,-9,0.3087591625241466,1.0,0.23061995955258688,1.0,blue,blue,blue,blue,43,37,3,314,0.60828025477707
english,8,-6,7,0.8248564947832404,1.0,0.8184007784273188,1.0,green,lime,green,lime,37,31,3,311,0.6270096463022508
english,2,4,-7,0.4968443318360153,1.0,0.2862007612207676,1.0,blue,blue,blue,blue,40,31,3,310,0.532258064516129
english,5,8,-6,0.5670411028756479,1.0,0.4537427920556142,1.0,purple,purple,purple,purple,62,44,3,307,0.33876221498371334
english,4,7,-8,0.21305046736322597,1.0,0.13440450293708162,1.0,purple,purple,purple,purple,41,32,3,303,0.7557755775577558
english,6,-5,5,0.18723664860428857,1.0,0.1491486500737249,1.0,green,green,green,green,43,39,3,302,0.7317880794701986
english,8,-6,4,0.8466372787801028,1.0,0.8355591462897433,1.0,green,mint green,green,mint green,61,53,3,302,0.6225165562913907
english,7,-4,-1,0.6517679138278036,1.0,0.6471667746525324,1.0,teal,turquoise,teal,turquoise,58,44,3,302,0.3211920529801324
english,5,8,-7,0.3970176413068768,1.0,0.2497478603666889,1.0,purple,purple,purple,purple,51,39,3,301,0.5813953488372093
english,7,-6,5,0.20422547688372716,1.0,0.13996576147340617,1.0,green,green,green,green,47,42,3,300,0.7466666666666667
english,5,1,-7,0.1702805640041672,1.0,0.10803154614560012,1.0,blue,blue,blue,blue,35,30,3,295,0.8
english,4,3,-8,0.2254736665225409,1.0,0.16226392740580875,1.0,blue,blue,blue,blue,44,37,3,294,0.7108843537414966
english,3,6,-9,0.71214172749418,1.0,0.6605545747714215,1.0,blue,purple,blue,purple,47,36,3,289,0.47058823529411764
english,6,-5,4,0.18175646357823444,1.0,0.11497251156957394,1.0,green,green,green,green,35,29,3,288,0.7881944444444444
english,2,5,-8,0.36618304896741094,1.0,0.22322608956961637,1.0,blue,blue,blue,blue,40,30,3,286,0.6188811188811189
english,8,-5,1,0.6413061025247759,1.0,0.6251749145328394,1.0,teal,turquoise,teal,turquoise,62,50,3,286,0.2062937062937063
english,5,-5,5,0.22112975260538717,1.0,0.1537665766596301,1.0,green,green,green,green,40,34,3,283,0.7243816254416962
english,5,7,5,0.12281454915819004,1.0,0.09766480815403913,1.0,red,red,red,red,35,30,3,280,0.8178571428571428
english,4,4,-9,0.2400125673817376,1.0,0.16988343584900115,1.0,blue,blue,blue,blue,49,44,3,279,0.6989247311827957
english,9,-5,-1,0.763281697622703,1.0,0.7269980479232854,1.0,cyan,turquoise,blue,turquoise,47,34,3,278,0.2697841726618705
english,4,-4,4,0.36473082801195156,1.0,0.2208573516368913,1.0,green,green,green,green,41,38,3,278,0.6223021582733813
english,5,7,1,0.5171783012630893,1.0,0.29016535328947474,1.0,pink,pink,pink,pink,52,43,3,277,0.5270758122743683
english,9,-2,8,0.9031010981233133,1.0,0.9031010981233134,1.0,yellow,lime,yellow,lime,59,50,3,270,0.5481481481481482
english,7,-5,2,0.8586907258124654,1.0,0.8586907258124653,1.0,green,turquoise,green,turquoise,76,63,3,269,0.3903345724907063
english,4,2,-7,0.19169404196324757,1.0,0.1488045363415305,1.0,blue,blue,blue,blue,38,28,3,269,0.7323420074349443
english,7,-4,0,0.6790633333846936,1.0,0.6681667975558672,1.0,teal,turquoise,teal,turquoise,61,53,3,267,0.31835205992509363
english,4,7,-9,0.31277508696973666,1.0,0.2391280451823441,1.0,purple,purple,purple,purple,45,39,3,265,0.5962264150943396
english,6,-4,1,0.6557410966075248,1.0,0.6400566968834458,1.0,green,teal,green,teal,74,62,3,265,0.2981132075471698
english,6,-3,-2,0.7169171866886992,1.0,0.6934664760118039,1.0,teal,turquoise,teal,turquoise,51,44,3,264,0.29545454545454547
english,9,-7,8,0.8398734503818789,1.0,0.8319502817177418,1.0,neon green,lime,green,lime,31,25,3,263,0.6615969581749049
english,4,6,5,0.24131282244554741,1.0,0.18172202863719525,1.0,red,red,red,red,44,37,3,263,0.6806083650190115
english,6,-2,-3,0.6099792329761338,1.0,0.5898413557202365,1.0,blue,sky blue,blue,sky blue,63,51,3,263,0.43346007604562736
english,9,-1,8,0.12980917409072207,1.0,0.11161321162330015,1.0,yellow,yellow,yellow,yellow,41,34,3,262,0.7938931297709924
english,5,7,4,0.18501364294175632,1.0,0.15565082155041585,1.0,red,red,red,red,49,42,3,262,0.7213740458015268
english,6,-5,3,0.19172242844592255,1.0,0.14028021065697222,1.0,green,green,green,green,44,36,3,260,0.7461538461538462
english,8,-5,7,0.510912221940245,1.0,0.5023933214190095,1.0,green,lime green,green,lime green,49,41,3,257,0.4669260700389105
english,8,-4,-1,0.7107646165940094,1.0,0.6986839468882093,1.0,teal,turquoise,blue,turquoise,50,40,3,256,0.2265625
english,5,7,3,0.3429948277865647,1.0,0.30511601427386725,1.0,red,red,red,red,58,46,3,256,0.5078125
english,7,-5,6,0.2851804293101128,1.0,0.17452855491823538,1.0,green,green,green,green,37,30,3,253,0.691699604743083
english,5,7,2,0.6082920325782224,1.0,0.48805071451736987,1.0,pink,pink,pink,pink,58,49,3,252,0.3531746031746032
english,5,-1,-4,0.29267651627057706,1.0,0.23141815685773784,1.0,blue,blue,blue,blue,61,51,3,252,0.6071428571428571
english,5,8,-4,0.3444225674785728,1.0,0.24118086814604606,1.0,magenta,magenta,pink,magenta,38,26,3,249,0.3534136546184739
english,5,0,-5,0.22109995669250554,1.0,0.15427001278592561,1.0,blue,blue,blue,blue,40,32,3,246,0.7235772357723578
english,4,6,-1,0.4999335155209881,1.0,0.470129741279597,1.0,magenta,magenta,magenta,magenta,51,41,3,245,0.3224489795918367
english,6,0,-6,0.22412387467708184,1.0,0.1272281156575763,1.0,blue,blue,blue,blue,49,38,3,244,0.6188524590163934
english,7,-3,-2,0.6938201542861957,1.0,0.6876311229467975,1.0,blue,turquoise,blue,turquoise,45,37,3,243,0.3497942386831276
english,8,1,8,0.4366504648100413,1.0,0.41695492636860615,1.0,yellow,gold,yellow,gold,59,55,3,242,0.32644628099173556
english,5,-2,-2,0.5263476307351014,1.0,0.5036025554086119,1.0,teal,teal,teal,teal,69,59,3,241,0.29045643153526973
english,5,-4,5,0.2561166485476438,1.0,0.1657510690490837,1.0,green,green,green,green,33,26,3,241,0.7053941908713693
english,5,-3,0,0.5848183500858488,1.0,0.5646656467657404,1.0,teal,teal,teal,teal,65,59,3,241,0.23651452282157676
english,3,-3,3,0.5536524630690827,1.0,0.5487949406953986,1.0,dark green,forest green,green,forest green,34,29,3,240,0.5541666666666667
english,7,-6,4,0.22007760227542986,1.0,0.15935796308714356,1.0,green,green,green,green,47,39,3,239,0.7154811715481172
english,8,-6,6,0.5002744225870467,1.0,0.39825588587727123,1.0,green,lime,green,lime,34,31,3,238,0.6260504201680672
english,6,5,6,0.20700464190506995,1.0,0.16783440826264823,1.0,orange,orange,orange,orange,39,34,3,235,0.7021276595744681
english,7,3,7,0.14643111978629392,1.0,0.11554028769898128,1.0,orange,orange,orange,orange,35,31,3,235,0.7872340425531915
english,5,-4,3,0.28148611124962236,1.0,0.1994022407833454,1.0,green,green,green,green,39,35,3,234,0.6538461538461539
english,8,0,8,0.4004869132812274,1.0,0.36256859655562157,1.0,yellow,yellow,yellow,yellow,47,43,3,233,0.43776824034334766
english,6,-4,0,0.4133738002854382,1.0,0.39814091849248856,1.0,teal,turquoise,teal,turquoise,47,40,3,232,0.2974137931034483
english,5,7,0,0.4947978548399106,1.0,0.3027572780186968,1.0,pink,pink,pink,pink,42,34,3,231,0.5108225108225108
english,6,-2,-4,0.7299553230007,1.0,0.7229580516751185,1.0,blue,sky blue,blue,sky blue,45,34,3,231,0.6147186147186147
english,5,8,-5,0.5375946742798913,1.0,0.5278148083666167,1.0,magenta,magenta,magenta,magenta,46,34,3,231,0.2683982683982684
english,8,-6,5,0.3802907250154478,1.0,0.19471713358907677,1.0,green,green,green,green,45,39,3,230,0.6608695652173913
english,2,4,-6,0.6447817919760358,1.0,0.5772436862697463,1.0,purple,purple,blue,purple,39,29,3,230,0.3
english,7,-5,3,0.47172181318306183,1.0,0.43563556841889683,1.0,green,mint,green,mint,58,47,3,230,0.6260869565217392
english,7,-5,1,0.5807697593293821,1.0,0.56542519800199,1.0,green,turquoise,green,turquoise,56,46,3,230,0.23478260869565218
english,5,1,-6,0.22124661722024408,1.0,0.1719834446452959,1.0,blue,blue,blue,blue,42,37,3,230,0.6956521739130435
english,4,6,4,0.25652612663083674,1.0,0.18417325330738663,1.0,red,red,red,red,43,37,3,229,0.6768558951965066
english,5,-4,4,0.2759134024619649,1.0,0.17565412676483771,1.0,green,green,green,green,32,31,3,229,0.6899563318777293
english,5,7,-1,0.48744755038234583,1.0,0.302683346950113,1.0,pink,pink,pink,pink,37,29,3,229,0.5109170305676856
english,6,8,-5,0.3310258484389974,1.0,0.2633427477901945,1.0,pink,magenta,pink,magenta,49,36,3,229,0.4366812227074236
english,4,7,-7,0.272311921668436,1.0,0.17457348879757534,1.0,purple,purple,purple,purple,34,27,3,227,0.6916299559471366
english,6,9,-6,0.5986145582946443,1.0,0.5658109642189952,1.0,pink,magenta,pink,magenta,36,25,3,225,0.4177777777777778
english,6,-3,-1,0.45471941409083433,1.0,0.4330398630967477,1.0,teal,teal,teal,teal,62,55,3,225,0.36
english,8,-4,7,0.7386237191971412,1.0,0.7386237191971413,1.0,green,lime,green,lime,39,34,3,224,0.4107142857142857
english,6,-5,6,0.22517782690216587,1.0,0.15449729156860165,1.0,green,green,green,green,46,39,3,224,0.7232142857142857
english,4,1,-6,0.22517782690216587,1.0,0.18014114636292985,1.0,blue,blue,blue,blue,45,40,3,224,0.6830357142857143
english,5,-4,2,0.31667924507934875,1.0,0.21938522289234913,1.0,green,green,green,green,43,39,3,221,0.6244343891402715
english,3,2,-6,0.3999365990582258,1.0,0.23005164492587615,1.0,blue,blue,blue,blue,35,25,3,220,0.6090909090909091
english,8,-7,5,0.36994022607407606,1.0,0.184865204046307,1.0,green,green,green,green,42,33,3,219,0.6757990867579908
english,9,-6,2,0.6622354461899025,1.0,0.6376131283746437,1.0,green,mint green,green,mint green,64,47,3,219,0.228310502283105
english,3,3,-7,0.3222760322258042,1.0,0.21662815838941818,1.0,blue,blue,blue,blue,38,32,3,218,0.6284403669724771
english,5,2,-7,0.27057068584144695,1.0,0.21464204625959232,1.0,blue,blue,blue,blue,49,41,3,217,0.631336405529954
english,4,6,0,0.593478527877592,1.0,0.5541946968320065,1.0,magenta,magenta,magenta,magenta,59,46,3,216,0.24537037037037038
english,8,-5,2,0.8238332353215494,1.0,0.8238332353215494,1.0,green,mint,green,mint,55,48,3,216,0.2175925925925926
english,6,8,-4,0.4812464117347556,1.0,0.273675223841165,1.0,pink,pink,pink,pink,34,25,3,215,0.5488372093023256
english,4,0,-4,0.33206946881235677,1.0,0.25600308380318204,1.0,blue,blue,blue,blue,52,45,3,213,0.5727699530516432
english,8,-3,-3,0.5026984537970189,1.0,0.49018323497976024,1.0,blue,sky blue,blue,sky blue,36,27,3,213,0.48826291079812206
english,7,-2,-3,0.5234592878370976,1.0,0.5234592878370976,1.0,blue,sky blue,blue,sky blue,34,30,3,213,0.5023474178403756
english,8,-3,7,0.8612690919494064,1.0,0.8612690919494064,1.0,green,lime,green,lime,51,44,3,212,0.29245283018867924
english,3,5,4,0.6626762330902791,1.0,0.6626762330902791,1.0,red,maroon,red,maroon,45,41,3,211,0.3696682464454976
english,4,6,-3,0.3210443185937522,1.0,0.27519924281344676,1.0,purple,purple,purple,purple,49,37,3,211,0.33175355450236965
english,5,6,6,0.9456311237791144,1.0,0.9456311237791144,1.0,red,rust,red,rust,46,44,3,209,0.4354066985645933
english,9,-6,8,0.5323091531704289,1.0,0.5158116239244512,1.0,lime green,lime,green,lime,33,23,3,209,0.5023923444976076
english,4,6,-5,0.22695053559442485,1.0,0.15663480272266844,1.0,purple,purple,purple,purple,28,23,3,207,0.7198067632850241
english,4,6,-2,0.48729215595268394,1.0,0.4772102578633332,1.0,magenta,magenta,magenta,magenta,61,51,3,206,0.3155339805825243
english,3,1,-5,0.4291425106913927,1.0,0.277539029344101,1.0,blue,blue,blue,blue,33,28,3,206,0.5436893203883495
english,5,-2,-3,0.2757981895124185,1.0,0.2402069727115751,1.0,blue,blue,blue,blue,56,46,3,205,0.4097560975609756
english,3,4,-8,0.32700515492475896,1.0,0.2240826211324886,1.0,blue,blue,blue,blue,38,30,3,204,0.6176470588235294
english,5,-3,-1,0.5210073872794432,1.0,0.47907565372426975,1.0,teal,teal,teal,teal,53,42,3,204,0.3137254901960784
english,4,5,5,0.8355203904815534,1.0,0.8355203904815535,1.0,red,rust,red,rust,54,49,3,203,0.3694581280788177
english,5,7,-3,0.390081225926759,1.0,0.2612100735300078,1.0,magenta,pink,magenta,pink,35,26,3,203,0.3399014778325123
english,6,4,6,0.20298053584786682,1.0,0.15167947589019665,1.0,orange,orange,orange,orange,30,26,3,202,0.7277227722772277
english,6,-4,6,0.26948404859985975,1.0,0.20967698963433964,1.0,green,green,green,green,44,34,3,202,0.6386138613861386
english,6,2,6,0.8956859628806244,1.0,0.8956859628806244,1.0,brown,amber,brown,amber,62,57,3,201,0.25870646766169153
english,4,6,3,0.39761652123351593,1.0,0.31721912479124814,1.0,red,red,red,red,50,43,3,201,0.4925373134328358
english,6,-5,2,0.2899448770696982,1.0,0.24924697098954712,1.0,green,green,green,green,50,42,3,201,0.582089552238806
english,7,2,7,0.3736157661169998,1.0,0.3437754167980628,1.0,orange,orange,orange,orange,50,44,3,200,0.46
english,2,3,-6,0.5040937594328614,1.0,0.2879253156867315,1.0,blue,blue,blue,blue,32,29,3,200,0.53
english,6,0,-5,0.1976793693714404,1.0,0.11292209144227539,1.0,blue,blue,blue,blue,36,31,3,199,0.6130653266331658
english,5,7,-2,0.5134172078502593,1.0,0.5079473123004432,1.0,magenta,magenta,pink,magenta,36,27,3,199,0.3969849246231156
english,5,0,-6,0.1875445531419997,1.0,0.13025171835020455,1.0,blue,blue,blue,blue,29,24,3,198,0.7626262626262627
english,4,6,-4,0.31127812445913283,1.0,0.2612065565939412,1.0,purple,purple,purple,purple,42,32,3,198,0.5656565656565656
english,6,3,6,0.4541179821516026,1.0,0.4059369371110203,1.0,orange,orange,orange,orange,56,49,3,198,0.3888888888888889
english,7,-4,6,0.8651266050161194,1.0,0.8651266050161193,1.0,green,lime,green,lime,39,34,3,198,0.5707070707070707
english,4,-3,1,0.37561822336558875,1.0,0.18871716711026665,1.0,green,green,green,green,41,30,3,197,0.49746192893401014
english,5,-2,5,0.7912346762224045,1.0,0.7912346762224045,1.0,green,olive,green,olive,57,51,3,196,0.34183673469387754
english,6,-1,-4,0.6179567106503072,1.0,0.6113069733148814,1.0,blue,sky blue,blue,sky blue,42,34,3,196,0.5714285714285714
english,5,7,-4,0.2226418003068164,1.0,0.1404472418500367,1.0,magenta,magenta,magenta,magenta,43,29,3,196,0.29591836734693877
english,3,6,-8,0.40515259486150623,1.0,0.3597804720601905,1.0,purple,purple,purple,purple,33,26,3,195,0.441025641025641
english,5,8,-1,0.4582739128754372,1.0,0.30062733012530973,1.0,pink,pink,pink,pink,29,23,3,194,0.6855670103092784
english,8,-5,-1,0.5890635657000416,1.0,0.5890635657000416,1.0,turquoise,turquoise,turquoise,turquoise,29,22,3,194,0.21649484536082475
english,6,-3,6,0.4336066978458739,1.0,0.40506908707057665,1.0,green,olive green,green,olive green,53,45,3,194,0.4484536082474227
english,9,-4,-1,0.7993515250348611,1.0,0.799351525034861,1.0,cyan,turquoise,blue,turquoise,39,29,3,194,0.30412371134020616
english,8,-7,8,0.3975116422957188,1.0,0.22575028026458233,1.0,neon green,lime,green,lime,30,24,3,193,0.6839378238341969
english,5,-3,5,0.7486709672994615,1.0,0.7416200796869628,1.0,green,olive,green,olive,53,45,3,193,0.5233160621761658
english,4,-4,3,0.42553421286772086,1.0,0.23572002073856518,1.0,green,green,green,green,29,26,3,193,0.6010362694300518
english,9,-7,7,0.6140192361048873,1.0,0.2105667770090713,1.0,neon green,green,green,green,31,25,3,193,0.6373056994818653
english,5,8,-3,0.5412459308126408,1.0,0.517719319061082,1.0,magenta,magenta,pink,magenta,29,22,3,191,0.43455497382198954
english,7,4,7,0.08042016454819527,1.0,0.0629938770659274,1.0,orange,orange,orange,orange,23,19,3,191,0.8795811518324608
english,9,-6,3,0.6236856675653744,1.0,0.5971445860636653,1.0,mint green,mint,green,mint,54,41,3,191,0.3507853403141361
english,4,-2,-1,0.6761026650212105,1.0,0.5595303825773905,1.0,teal,teal,teal,teal,62,51,3,191,0.24083769633507854
english,5,7,-6,0.3499436432012785,1.0,0.2515171761100747,1.0,purple,purple,purple,purple,33,28,3,190,0.5789473684210527
english,6,8,-3,0.4662057792233878,1.0,0.21808895735282535,1.0,pink,pink,pink,pink,32,26,3,190,0.6263157894736842
english,6,1,6,1.0,0.0,1.0,0.0,brown,<OTHER_SURF>,brown,<OTHER_HEAD>,61,55,3,190,0.21052631578947367
english,7,-3,6,0.8380655880550677,1.0,0.8166186598161145,1.0,green,lime,green,lime,49,42,3,190,0.47368421052631576
french,3,6,-10,1.0,0.0,1.0,0.0,bleu,<OTHER_SURF>,bleu,<OTHER_HEAD>,6,5,3,17,0.7058823529411765
french,8,-4,-2,0.48534030902224723,1.0,0.48534030902224723,1.0,turquoise,turquoise,turquoise,turquoise,7,5,3,13,0.3076923076923077
french,7,-5,6,0.27621156854915624,1.0,0.04701649434226942,1.0,vert,vert,vert,vert,6,2,3,11,0.9090909090909091
french,7,1,7,0.6340014304170942,1.0,0.6340014304170942,1.0,jaune moutarde,jaune,orange,jaune,9,7,3,11,0.2727272727272727
french,7,-2,-3,0.49342260576014463,1.0,0.4934226057601447,1.0,bleu ciel,bleu ciel,bleu,bleu ciel,5,4,3,10,0.4
french,8,-4,-1,0.6099865470109875,1.0,0.6099865470109875,1.0,bleu,turquoise,bleu,turquoise,6,6,3,10,0.2
french,5,7,6,0.16919485510105414,1.0,0.10803154614560012,1.0,rouge,rouge,rouge,rouge,4,3,3,10,0.8
french,8,-3,-2,1.0,0.0,1.0,0.0,bleu,<OTHER_SURF>,bleu,<OTHER_HEAD>,6,4,3,10,0.5
french,5,7,-1,0.3958156020033583,1.0,0.236452797660028,1.0,rose,rose,rose,rose,6,5,3,10,0.6
french,8,-7,6,0.36972344622519965,1.0,0.1908745046211096,1.0,vert fluo,vert fluo,vert,vert,6,4,3,9,0.6666666666666666
french,9,-3,8,1.0,0.0,0.3605680553151701,1.0,vert,<OTHER_SURF>,vert,vert,7,7,3,9,0.3333333333333333
french,4,4,-9,0.35686714873036735,1.0,0.35686714873036735,1.0,bleu,bleu,bleu,bleu,5,5,3,9,0.4444444444444444
french,5,3,-7,0.6394319446848299,0.6666666666666666,0.6394319446848298,0.6666666666666666,bleu,violet,bleu,violet,4,3,3,9,0.6666666666666666
french,4,7,-9,0.4591479170272448,1.0,0.3568671487303674,1.0,violet,violet,violet,violet,6,5,3,9,0.4444444444444444
french,2,4,-7,0.3605680553151701,1.0,0.2802989754231545,1.0,bleu,bleu,bleu,bleu,7,6,3,9,0.4444444444444444
french,5,-1,-4,0.1908745046211096,1.0,0.1908745046211096,1.0,bleu,bleu,bleu,bleu,4,4,3,9,0.6666666666666666
french,8,-5,1,0.7169171866886992,1.0,0.7169171866886992,1.0,vert,turquoise,vert,turquoise,6,6,3,8,0.25
french,8,-3,7,1.0,0.0,0.31127812445913283,1.0,vert,<OTHER_SURF>,vert,vert,7,5,3,8,0.5
french,6,-3,-2,0.5487949406953986,1.0,0.5487949406953986,1.0,turquoise,turquoise,turquoise,turquoise,6,6,3,8,0.25
french,4,2,-6,1.0,0.0,0.48660868790946615,0.3333333333333333,bleu,<OTHER_SURF>,bleu,<OTHER_HEAD>,4,2,3,8,0.875
french,8,-6,2,0.7509221822236529,0.6666666666666666,0.5571959259143446,1.0,vert,turquoise,vert,turquoise,5,5,3,8,0.5
french,9,-5,8,0.31529291595345615,1.0,0.09970944001256843,1.0,vert fluo,vert fluo,vert,vert,4,3,3,8,0.75
french,6,-5,4,0.4188212310720749,1.0,0.21899525866266342,1.0,vert,vert,vert,vert,4,3,3,8,0.625
french,4,-1,-3,0.31127812445913283,1.0,0.1379253809700299,1.0,bleu,bleu,bleu,bleu,4,3,3,8,0.75
french,7,-1,7,1.0,0.0,1.0,0.0,vert,<OTHER_SURF>,vert,<OTHER_HEAD>,5,5,3,8,0.375
french,3,2,-6,0.7169171866886992,1.0,0.5487949406953986,1.0,bleue,bleu,bleu,bleu,6,5,3,8,0.25
french,4,4,-8,1.0,0.0,1.0,0.0,bleu,<OTHER_SURF>,bleu,<OTHER_HEAD>,3,3,3,8,0.625
german,4,3,-8,0.23645279766002797,1.0,0.1908745046211096,1.0,blau,blau,blau,blau,7,6,3,15,0.6666666666666666
german,9,-1,8,0.1741363745690181,1.0,0.1741363745690181,1.0,gelb,gelb,gelb,gelb,5,5,3,13,0.6923076923076923
german,5,-4,5,0.5715616860768333,1.0,0.28148611124962236,1.0,dunkelgrun,grun,grun,grun,8,5,3,13,0.5384615384615384
german,9,-3,8,0.7880764030341532,1.0,0.7880764030341532,1.0,gelbgrun,neongrun,gelbgrun,neongrun,9,9,3,12,0.25
german,6,-4,0,0.5487949406953986,1.0,0.5487949406953986,1.0,blaugrun,turkis,blaugrun,turkis,8,7,3,12,0.3333333333333333
german,3,6,-10,1.0,0.0,1.0,0.0,blau,<OTHER_SURF>,blau,<OTHER_HEAD>,6,6,3,11,0.5454545454545454
german,7,-3,-2,0.2112082833387217,1.0,0.2112082833387217,1.0,turkis,turkis,turkis,turkis,3,3,3,11,0.6363636363636364
german,3,2,-6,0.21120828333872171,1.0,0.09747776910199239,1.0,blau,blau,blau,blau,5,3,3,11,0.8181818181818182
german,6,0,-5,0.34833583088395825,1.0,0.1519602295264612,1.0,blau,blau,blau,blau,5,4,3,11,0.7272727272727273
german,7,-6,6,0.34833583088395825,1.0,0.34833583088395825,1.0,grun,grun,grun,grun,5,5,3,11,0.45454545454545453
german,8,-5,1,0.27621156854915624,1.0,0.27621156854915624,1.0,turkis,turkis,turkis,turkis,5,5,3,11,0.5454545454545454
german,6,-5,5,0.10803154614560012,1.0,0.051899160321315516,1.0,grun,grun,grun,grun,3,2,3,10,0.9
german,4,-3,1,0.16919485510105414,1.0,0.10803154614560012,1.0,dunkelgrun,dunkelgrun,grun,grun,4,3,3,10,0.8
german,8,-2,7,1.0,0.0,1.0,0.0,gelb,<OTHER_SURF>,gelb,<OTHER_HEAD>,9,9,3,10,0.2
german,2,1,-4,0.3958156020033583,1.0,0.31127812445913283,1.0,dunkelblau,dunkelblau,blau,blau,7,6,3,10,0.5
german,8,-7,7,0.6099865470109875,1.0,0.39581560200335836,1.0,grun,grun,grun,grun,6,5,3,10,0.4
german,8,0,7,0.6099865470109875,1.0,0.6099865470109875,1.0,gelb,gelb,orange,gelb,7,6,3,10,0.3
german,8,-7,6,0.31127812445913283,1.0,0.23645279766002797,1.0,grun,grun,grun,grun,6,5,3,10,0.6
german,8,-4,-2,0.3958156020033583,1.0,0.3958156020033583,1.0,turkis,turkis,blau,turkis,4,3,3,10,0.5
german,6,-5,3,0.3568671487303674,1.0,0.3568671487303674,1.0,grun,grun,grun,grun,6,6,3,9,0.4444444444444444
german,9,-4,8,0.7699050305513172,0.6666666666666666,0.7699050305513172,0.6666666666666666,hellgrun,neongrun,grun,neongrun,4,4,3,9,0.6666666666666666
german,8,-3,-1,0.35686714873036735,1.0,0.35686714873036735,1.0,turkis,turkis,turkis,turkis,5,5,3,9,0.4444444444444444
german,5,-1,5,1.0,0.0,1.0,0.0,grun,<OTHER_SURF>,grun,<OTHER_HEAD>,9,8,3,9,0.2222222222222222
german,3,5,0,0.7394468924503992,1.0,0.7394468924503992,1.0,bordeauxrot,purpur,rot,purpur,9,8,3,9,0.2222222222222222
german,5,-4,4,0.4591479170272448,1.0,0.05791426176250229,1.0,dunkelgrun,grun,grun,grun,3,2,3,9,0.8888888888888888
german,6,-4,6,0.35686714873036735,1.0,0.2686664765895091,1.0,grun,grun,grun,grun,6,5,3,9,0.5555555555555556
german,4,-4,4,1.0,0.0,0.1908745046211096,1.0,dunkelgrun,<OTHER_SURF>,grun,grun,3,3,3,9,0.6666666666666666
german,4,1,-6,0.2686664765895091,1.0,0.12115608152133563,1.0,blau,blau,blau,blau,4,3,3,9,0.7777777777777778
german,3,4,-8,0.1908745046211096,1.0,0.1908745046211096,1.0,blau,blau,blau,blau,4,4,3,9,0.6666666666666666
german,5,8,-7,0.2686664765895091,1.0,0.2686664765895091,1.0,lila,lila,lila,lila,3,3,3,9,0.5555555555555556
german,5,7,6,0.2686664765895091,1.0,0.2686664765895091,1.0,rot,rot,rot,rot,4,4,3,9,0.5555555555555556
german,2,0,-3,0.6394319446848298,0.6666666666666666,0.5408520829727551,0.6666666666666666,dunkelblau,dunkelblau,blau,blau,8,7,3,9,0.3333333333333333
german,3,4,4,0.4188212310720749,1.0,0.4188212310720749,1.0,braun,braun,braun,braun,4,4,3,8,0.375
german,9,-7,4,0.7169171866886992,1.0,0.5487949406953986,1.0,blassgrun,grun,grun,grun,8,7,3,8,0.25
german,5,-3,3,0.31127812445913283,1.0,0.1379253809700299,1.0,grun,grun,grun,grun,5,3,3,8,0.75
german,5,7,5,0.21899525866266342,1.0,0.1379253809700299,1.0,rot,rot,rot,rot,4,3,3,8,0.75
german,3,6,-9,0.7126417936566767,0.3333333333333333,0.7126417936566767,0.3333333333333333,blau,<OTHER_SURF>,blau,<OTHER_HEAD>,4,4,3,8,0.5
german,3,-3,3,0.21899525866266342,1.0,0.1379253809700299,1.0,dunkelgrun,dunkelgrun,grun,grun,4,3,3,8,0.75
german,8,-3,5,0.5090191722627645,0.6666666666666666,0.3546515273361385,0.6666666666666666,hellgrun,hellgrun,grun,grun,5,4,3,8,0.625
german,9,-6,3,0.7126417936566767,0.3333333333333333,0.7126417936566767,0.3333333333333333,turkis,<OTHER_SURF>,turkis,<OTHER_HEAD>,6,6,3,8,0.25
german,7,-1,7,1.0,0.0,1.0,0.0,grun,<OTHER_SURF>,grun,<OTHER_HEAD>,7,6,3,8,0.375
german,5,2,3,0.1379253809700299,1.0,0.06550784501721568,1.0,braun,braun,braun,braun,3,2,3,8,0.875
german,2,4,-6,0.5487949406953986,1.0,0.5487949406953986,1.0,violett,violett,violett,violett,7,6,3,8,0.25
german,8,-2,-2,0.4188212310720749,1.0,0.31127812445913283,1.0,hellblau,hellblau,blau,blau,5,4,3,8,0.5
german,7,3,6,0.1379253809700299,1.0,0.1379253809700299,1.0,orange,orange,orange,orange,3,3,3,8,0.75
german,7,2,7,0.31127812445913283,1.0,0.31127812445913283,1.0,orange,orange,orange,orange,5,5,3,8,0.5
german,7,-5,3,0.1379253809700299,1.0,0.1379253809700299,1.0,grun,grun,grun,grun,3,3,3,8,0.75
german,7,-6,5,0.31127812445913283,1.0,0.21899525866266342,1.0,grun,grun,grun,grun,5,4,3,8,0.625
korean,8,-7,7,0.658360824585266,1.0,0.5985305554912135,1.0,연두색,초록색,연두색,초록색,19,15,3,67,0.3880597014925373
korean,3,6,-10,1.0,0.0,1.0,0.0,파랑색,<OTHER_SURF>,파랑색,<OTHER_HEAD>,16,16,3,54,0.4074074074074074
korean,7,-6,6,0.25731064258708275,1.0,0.24233276815334515,1.0,초록색,초록색,초록색,초록색,11,10,3,49,0.3877551020408163
korean,3,5,-9,1.0,0.0,1.0,0.0,파랑색,<OTHER_SURF>,파랑색,<OTHER_HEAD>,14,12,3,40,0.325
korean,8,-6,2,0.7780778711699028,1.0,0.7239243422058095,1.0,에메랄드색,청록색,에메랄드색,청록색,20,19,3,39,0.3076923076923077
korean,5,7,6,0.6854277895538399,0.3333333333333333,0.6854277895538399,0.3333333333333333,빨강색,<OTHER_SURF>,빨강색,<OTHER_HEAD>,6,6,3,37,0.5135135135135135
korean,8,-4,-2,0.22308643299339767,1.0,0.1946622212907011,1.0,하늘색,하늘색,하늘색,하늘색,10,8,3,37,0.6486486486486487
korean,6,-5,3,0.24835048781787403,1.0,0.248350487817874,1.0,초록색,초록색,초록색,초록색,8,7,3,36,0.5833333333333334
korean,3,-3,3,0.5742217305840517,1.0,0.5087256743873156,1.0,초록색,초록색,초록색,초록색,13,11,3,35,0.2857142857142857
korean,7,2,7,0.6412704089903527,1.0,0.6024351304054903,1.0,주황색,주황색,주황색,주황색,19,17,3,34,0.20588235294117646
korean,5,-5,5,0.29937976895982576,1.0,0.2762115685491563,1.0,초록색,초록색,초록색,초록색,8,6,3,33,0.5454545454545454
korean,2,4,-7,1.0,0.0,1.0,0.0,남색,<OTHER_SURF>,남색,<OTHER_HEAD>,16,14,3,33,0.30303030303030304
korean,8,-6,7,0.21899525866266342,1.0,0.21899525866266342,1.0,연두색,연두색,연두색,연두색,9,9,3,32,0.625
korean,8,-6,4,0.7692184673295257,1.0,0.7169171866886992,1.0,연두색,초록색,연두색,초록색,12,9,3,32,0.3125
korean,6,-5,5,0.31127812445913283,1.0,0.31127812445913283,1.0,초록색,초록색,초록색,초록색,9,8,3,32,0.5
korean,7,-6,5,0.3365262953949816,1.0,0.3365262953949816,1.0,초록색,초록색,초록색,초록색,8,7,3,32,0.46875
korean,5,-1,-4,1.0,0.0,1.0,0.0,파랑색,<OTHER_SURF>,파랑색,<OTHER_HEAD>,15,14,3,32,0.3125
korean,4,3,-8,1.0,0.0,1.0,0.0,파랑색,<OTHER_SURF>,파랑색,<OTHER_HEAD>,10,10,3,31,0.4838709677419355
korean,7,0,7,0.9999999999999999,0.0,0.9999999999999999,0.0,황토색,<OTHER_SURF>,황토색,<OTHER_HEAD>,14,13,3,31,0.3225806451612903
korean,4,6,5,1.0,0.0,1.0,0.0,빨강색,<OTHER_SURF>,빨강색,<OTHER_HEAD>,14,14,3,31,0.3225806451612903
korean,9,-5,-1,0.66999197338216,1.0,0.5844639408444431,1.0,하늘색,청록색,하늘색,청록색,15,12,3,30,0.4
korean,5,-4,3,0.26046516901103944,1.0,0.26046516901103944,1.0,초록색,초록색,초록색,초록색,7,6,3,30,0.5666666666666667
korean,7,-3,-3,0.23645279766002797,1.0,0.1908745046211096,1.0,하늘색,하늘색,하늘색,하늘색,11,9,3,30,0.6666666666666666
korean,7,-4,0,0.3667125015349272,1.0,0.3394572836405413,1.0,청록색,청록색,청록색,청록색,16,15,3,30,0.3333333333333333
korean,9,-3,8,0.4825780751866234,1.0,0.4825780751866234,1.0,연두색,연두색,연두색,연두색,16,16,3,29,0.3103448275862069
korean,8,-7,6,0.6011434184474604,1.0,0.6011434184474604,1.0,연두색,초록색,연두색,초록색,8,7,3,29,0.3793103448275862
korean,9,-4,8,0.2219728078588321,1.0,0.19851502723296924,1.0,연두색,연두색,연두색,연두색,10,9,3,29,0.6551724137931034
korean,8,-5,7,0.239429827529173,1.0,0.239429827529173,1.0,연두색,연두색,연두색,연두색,8,8,3,29,0.6896551724137931
korean,4,6,-4,0.29775545815148785,1.0,0.29775545815148785,1.0,보라색,보라색,보라색,보라색,8,8,3,29,0.5172413793103449
korean,6,-1,-5,1.0,0.0,1.0,0.0,하늘색,<OTHER_SURF>,하늘색,<OTHER_HEAD>,10,8,3,28,0.39285714285714285
korean,7,-4,-1,0.4973529067655523,1.0,0.4973529067655523,1.0,청록색,청록색,청록색,청록색,14,12,3,27,0.2962962962962963
korean,7,-5,2,0.7394468924503992,1.0,0.7394468924503992,1.0,초록색,청록색,초록색,청록색,16,14,3,27,0.25925925925925924
korean,8,-5,0,0.32647446588287765,1.0,0.32647446588287765,1.0,민트색,민트색,민트색,민트색,10,10,3,27,0.3333333333333333
korean,5,8,-7,0.3261213907176548,1.0,0.2967648014421976,1.0,보라색,보라색,보라색,보라색,10,9,3,27,0.5185185185185185
korean,5,7,2,0.9999999999999999,0.0,0.913148964150133,0.3333333333333333,다홍색,<OTHER_SURF>,다홍색,<OTHER_HEAD>,14,14,3,27,0.2222222222222222
korean,4,-4,4,0.5381427853760248,1.0,0.4973529067655523,1.0,초록색,초록색,초록색,초록색,12,11,3,27,0.2962962962962963
korean,8,-5,1,0.43657169721798383,1.0,0.43657169721798383,1.0,민트색,청록색,민트색,청록색,9,9,3,27,0.3333333333333333
korean,3,6,-9,0.6294741302379716,1.0,0.5819765115539188,1.0,파랑색,보라색,파랑색,보라색,15,13,3,27,0.25925925925925924
korean,5,7,-2,0.6859714205875007,0.3333333333333333,0.6859714205875007,0.3333333333333333,자주색,<OTHER_SURF>,자주색,<OTHER_HEAD>,12,11,3,27,0.2962962962962963
korean,5,-4,5,0.4231753514632618,1.0,0.3891567565290309,1.0,초록색,초록색,초록색,초록색,10,9,3,27,0.4074074074074074
korean,2,3,-6,0.9999999999999999,0.0,0.9999999999999999,0.0,남색,<OTHER_SURF>,남색,<OTHER_HEAD>,12,12,3,27,0.4444444444444444
korean,7,-3,-2,0.2259282123520247,1.0,0.20041886135661927,1.0,하늘색,하늘색,하늘색,하늘색,12,11,3,26,0.46153846153846156
korean,5,1,-6,1.0,0.0,1.0,0.0,파랑색,<OTHER_SURF>,파랑색,<OTHER_HEAD>,8,8,3,26,0.5769230769230769
korean,5,6,6,0.6200189908483092,1.0,0.5715616860768333,1.0,빨간색,주황색,주황색,주황색,9,8,3,26,0.23076923076923078
korean,6,0,-6,1.0,0.0,1.0,0.0,파랑색,<OTHER_SURF>,파랑색,<OTHER_HEAD>,11,11,3,26,0.2692307692307692
korean,5,-2,-2,1.0,0.0,0.9999999999999999,0.0,청록색,<OTHER_SURF>,청록색,<OTHER_HEAD>,17,15,3,26,0.46153846153846156
korean,7,-6,4,0.25298383493182197,1.0,0.252983834931822,1.0,초록색,초록색,초록색,초록색,7,6,3,26,0.5769230769230769
korean,7,-6,7,0.5605218825340386,1.0,0.5605218825340386,1.0,연두색,초록색,연두색,초록색,11,11,3,25,0.36
korean,5,7,4,1.0,0.0,1.0,0.0,빨간색,<OTHER_SURF>,빨간색,<OTHER_HEAD>,7,7,3,25,0.4
korean,5,1,-7,1.0,0.0,1.0,0.0,파랑색,<OTHER_SURF>,파랑색,<OTHER_HEAD>,9,9,3,25,0.52
korean,6,-5,6,0.23645279766002797,1.0,0.23645279766002797,1.0,초록색,초록색,초록색,초록색,6,5,3,25,0.6
korean,7,-3,6,0.6099865470109874,1.0,0.5605218825340385,1.0,풀색,연두색,연두색,연두색,10,8,3,25,0.24
korean,5,0,-5,1.0,0.0,1.0,0.0,파랑색,<OTHER_SURF>,파랑색,<OTHER_HEAD>,8,8,3,25,0.52
korean,3,4,-8,1.0,0.0,1.0,0.0,파랑색,<OTHER_SURF>,파랑색,<OTHER_HEAD>,8,8,3,25,0.4
korean,7,-2,-4,0.08502441288198997,1.0,0.08502441288198997,1.0,하늘색,하늘색,하늘색,하늘색,5,5,3,25,0.84
korean,8,-6,5,0.38093009090978813,1.0,0.31127812445913283,1.0,연두색,연두색,연두색,연두색,10,8,3,24,0.5
korean,6,5,6,0.11292371501136794,1.0,0.11292371501136794,1.0,주황색,주황색,주황색,주황색,6,6,3,24,0.7916666666666666
korean,9,-6,8,0.3809300909097881,1.0,0.345165463109254,1.0,연두색,연두색,연두색,연두색,10,8,3,24,0.4583333333333333
korean,7,3,7,0.2189952586626634,1.0,0.2189952586626634,1.0,주황색,주황색,주황색,주황색,7,7,3,24,0.625
korean,3,3,-7,1.0,0.0,1.0,0.0,파랑색,<OTHER_SURF>,파란색,<OTHER_HEAD>,12,11,3,24,0.2916666666666667
korean,5,7,5,1.0,0.0,1.0,0.0,빨간색,<OTHER_SURF>,빨간색,<OTHER_HEAD>,5,5,3,24,0.4166666666666667
korean,9,-5,8,0.248350487817874,1.0,0.2189952586626634,1.0,연두색,연두색,연두색,연두색,8,7,3,24,0.625
korean,4,6,-6,0.1379253809700299,1.0,0.1379253809700299,1.0,보라색,보라색,보라색,보라색,7,7,3,24,0.75
korean,4,7,-7,0.1908745046211096,1.0,0.1379253809700299,1.0,보라색,보라색,보라색,보라색,9,7,3,24,0.75
korean,6,-4,1,0.5993185756884369,1.0,0.5993185756884369,1.0,초록색,청록색,초록색,청록색,15,13,3,24,0.25
korean,4,-2,-1,0.248350487817874,1.0,0.2189952586626634,1.0,청록색,청록색,청록색,청록색,8,7,3,24,0.625
korean,4,6,-2,0.23032868195318718,1.0,0.23032868195318718,1.0,자주색,자주색,자주색,자주색,9,9,3,23,0.6086956521739131
korean,2,5,-8,0.9999999999999999,0.0,1.0,0.0,남색,<OTHER_SURF>,남색,<OTHER_HEAD>,14,13,3,23,0.2608695652173913
korean,4,-3,0,0.2942732479324205,1.0,0.2942732479324205,1.0,청록색,청록색,청록색,청록색,9,8,3,23,0.5217391304347826
korean,8,-7,5,0.6155216922588673,1.0,0.39696699344788966,1.0,연두색,초록색,연두색,초록색,16,12,3,23,0.2608695652173913
korean,4,7,-8,0.26152915811352717,1.0,0.20052257418658315,1.0,보라색,보라색,보라색,보라색,10,8,3,23,0.6521739130434783
korean,6,-5,4,0.1446015107624473,1.0,0.1446015107624473,1.0,초록색,초록색,초록색,초록색,7,7,3,23,0.7391304347826086
korean,9,-7,8,0.5881079561237126,1.0,0.46511672911146984,1.0,연두색,초록색,연두색,초록색,13,10,3,23,0.34782608695652173
korean,9,-5,0,0.8055852147798024,0.6666666666666666,0.7083778221697037,1.0,하늘색,민트색,하늘색,민트색,14,14,3,23,0.21739130434782608
korean,4,-3,1,0.49864377709181407,1.0,0.47385404372587936,1.0,초록색,녹색,초록색,녹색,13,12,3,22,0.3181818181818182
korean,5,7,-1,0.6739464976845744,1.0,0.6739464976845744,1.0,자주색,핑크색,자주색,핑크색,9,8,3,22,0.36363636363636365
korean,8,-6,6,0.13159631795482485,1.0,0.13159631795482485,1.0,연두색,연두색,연두색,연두색,6,6,3,22,0.5909090909090909
korean,4,7,-9,0.34833583088395825,1.0,0.31127812445913283,1.0,보라색,보라색,보라색,보라색,9,8,3,22,0.5
korean,5,7,1,0.6819898908596145,0.6666666666666666,0.6344121988016682,0.6666666666666666,빨강색,분홍색,빨강색,분홍색,12,11,3,22,0.22727272727272727
korean,4,4,-9,1.0,0.0,1.0,0.0,파랑색,<OTHER_SURF>,파랑색,<OTHER_HEAD>,6,5,3,22,0.5909090909090909
korean,7,-5,1,0.4744893455846405,1.0,0.47448934558464045,1.0,청록색,청록색,청록색,청록색,9,8,3,22,0.3181818181818182
korean,6,-3,-2,0.47448934558464045,1.0,0.47448934558464045,1.0,청록색,청록색,청록색,청록색,12,11,3,22,0.3181818181818182
korean,6,4,6,0.18093363672448134,1.0,0.18093363672448134,1.0,주황색,주황색,주황색,주황색,7,7,3,22,0.6818181818181818
korean,4,6,-5,0.09747776910199239,1.0,0.09747776910199239,1.0,보라색,보라색,보라색,보라색,3,3,3,22,0.8181818181818182
korean,8,0,8,1.0,0.0,1.0,0.0,겨자색,<OTHER_SURF>,겨자색,<OTHER_HEAD>,8,8,3,22,0.2727272727272727
korean,1,2,-4,0.1908745046211096,1.0,0.1306878892876862,1.0,남색,남색,남색,남색,7,6,3,21,0.7619047619047619
korean,4,-3,4,0.7665890687867302,1.0,0.56278270669339,1.0,진녹색,녹색,녹색,녹색,11,9,3,21,0.23809523809523808
korean,6,-1,-4,0.6238568244717893,0.6666666666666666,0.5803376670330034,0.6666666666666666,하늘색,하늘색,하늘색,하늘색,10,9,3,21,0.2857142857142857
korean,8,1,7,1.0,0.0,1.0,0.0,노란색,<OTHER_SURF>,노란색,<OTHER_HEAD>,10,10,3,21,0.23809523809523808
korean,9,-6,1,0.7665890687867303,1.0,0.7665890687867303,1.0,민트색,청록색,민트색,청록색,14,13,3,21,0.3333333333333333
korean,9,-1,9,1.0,0.0,1.0,0.0,노랑색,<OTHER_SURF>,노랑색,<OTHER_HEAD>,8,7,3,21,0.5238095238095238
korean,6,9,-5,0.7702641530733788,1.0,0.7702641530733789,1.0,핑크색,분홍색,핑크색,분홍색,13,11,3,21,0.2857142857142857
korean,5,7,0,0.7929278311620584,0.6666666666666666,0.7929278311620584,0.6666666666666666,자주색,분홍색,자주색,분홍색,12,12,3,21,0.2857142857142857
korean,4,0,-5,1.0,0.0,1.0,0.0,파란색,<OTHER_SURF>,파란색,<OTHER_HEAD>,9,9,3,21,0.2857142857142857
korean,3,6,-8,0.4591479170272448,1.0,0.3705065005495052,1.0,보라색,보라색,보라색,보라색,11,9,3,21,0.42857142857142855
korean,9,-7,6,0.76658906878673,1.0,0.7665890687867302,1.0,연두색,초록색,연두색,초록색,10,9,3,21,0.42857142857142855
korean,8,-2,-3,0.10248306354174962,1.0,0.10248306354174962,1.0,하늘색,하늘색,하늘색,하늘색,4,4,3,21,0.8095238095238095
korean,5,8,1,0.7523270630807848,0.3333333333333333,0.6917986457832372,0.3333333333333333,핫핑크색,<OTHER_SURF>,분홍색,<OTHER_HEAD>,10,9,3,21,0.2857142857142857
korean,8,1,3,0.6224347889044249,1.0,0.6224347889044249,1.0,베이지색,살구색,베이지색,살구색,8,8,3,21,0.3333333333333333
korean,5,-4,2,0.5046541261615696,0.6666666666666666,0.5046541261615696,0.6666666666666666,초록색,초록색,초록색,초록색,11,9,3,21,0.38095238095238093
korean,7,5,-2,0.05337083143300398,1.0,0.05337083143300398,1.0,분홍색,분홍색,분홍색,분홍색,4,4,3,21,0.6666666666666666
korean,5,2,-7,1.0,0.0,1.0,0.0,파랑색,<OTHER_SURF>,파랑색,<OTHER_HEAD>,10,9,3,20,0.35
korean,8,1,8,1.0,0.0,1.0,0.0,개나리색,<OTHER_SURF>,개나리색,<OTHER_HEAD>,9,9,3,20,0.3
korean,7,3,6,0.31127812445913283,1.0,0.31127812445913283,1.0,주황색,주황색,주황색,주황색,8,8,3,20,0.5
korean,6,8,-3,0.6787881102649855,1.0,0.5487949406953986,1.0,핑크색,분홍색,분홍색,분홍색,11,9,3,20,0.25
korean,6,-4,2,0.20241018749698753,1.0,0.1707678532000294,1.0,초록색,초록색,초록색,초록색,8,7,3,20,0.5
korean,4,6,4,1.0,0.0,1.0,0.0,빨강색,<OTHER_SURF>,빨강색,<OTHER_HEAD>,10,9,3,20,0.55
korean,8,-3,7,0.27280560201910964,1.0,0.27280560201910964,1.0,연두색,연두색,연두색,연두색,7,7,3,20,0.55
korean,6,7,-3,0.490968531773352,0.6666666666666666,0.490968531773352,0.6666666666666666,분홍색,분홍색,분홍색,분홍색,7,7,3,20,0.4
korean,6,3,6,0.31127812445913283,1.0,0.31127812445913283,1.0,주황색,주황색,주황색,주황색,5,5,3,20,0.5
korean,4,5,4,0.831140868586715,0.3333333333333333,0.831140868586715,0.3333333333333333,빨강색,<OTHER_SURF>,빨강색,<OTHER_HEAD>,15,14,3,20,0.2
korean,5,7,3,0.8929293700883285,0.3333333333333333,0.8929293700883285,0.3333333333333333,빨강색,<OTHER_SURF>,빨강색,<OTHER_HEAD>,8,8,3,20,0.5
korean,6,8,-2,1.0,0.0,1.0,0.0,분홍색,<OTHER_SURF>,분홍색,<OTHER_HEAD>,10,10,3,20,0.25
korean,8,-5,2,0.854997400484832,1.0,0.854997400484832,1.0,에메랄드색,민트색,에메랄드색,민트색,12,12,3,20,0.2
korean,5,8,-6,0.7582766571931677,1.0,0.7582766571931677,1.0,자주색,보라색,자주색,보라색,13,13,3,20,0.25
korean,6,6,-4,0.6119765904785793,1.0,0.5054768574697118,1.0,분홍색,보라색,보라색,보라색,15,13,3,20,0.25
korean,7,-5,6,0.35216095130071173,1.0,0.35216095130071173,1.0,연두색,초록색,연두색,초록색,3,3,3,20,0.5
korean,7,-4,1,0.44408802236107975,1.0,0.4029998782844968,1.0,청록색,청록색,청록색,청록색,12,11,3,19,0.3684210526315789
korean,4,1,-6,1.0,0.0,1.0,0.0,파랑색,<OTHER_SURF>,파랑색,<OTHER_HEAD>,6,6,3,19,0.47368421052631576
korean,6,-4,0,0.21447597742339125,1.0,0.21447597742339125,1.0,청록색,청록색,청록색,청록색,7,7,3,19,0.631578947368421
korean,7,-2,-3,0.11421697597485163,1.0,0.11421697597485163,1.0,하늘색,하늘색,하늘색,하늘색,4,4,3,19,0.7894736842105263
korean,8,-4,7,0.1793773445069033,1.0,0.1460154138264635,1.0,연두색,연두색,연두색,연두색,7,4,3,19,0.7368421052631579
korean,3,1,-5,1.0,0.0,1.0,0.0,남색,<OTHER_SURF>,남색,<OTHER_HEAD>,4,4,3,19,0.47368421052631576
korean,8,-3,2,0.7774913153578596,0.3333333333333333,0.7381586591411303,0.3333333333333333,에메랄드색,<OTHER_SURF>,연두색,<OTHER_HEAD>,14,13,3,19,0.21052631578947367
korean,8,2,1,0.9999999999999999,0.0,0.9999999999999999,0.0,연분홍색,<OTHER_SURF>,연분홍색,<OTHER_HEAD>,10,10,3,19,0.2631578947368421
korean,4,5,-8,0.533714821383084,1.0,0.533714821383084,1.0,보라색,보라색,보라색,보라색,9,9,3,19,0.2631578947368421
korean,5,8,-3,0.749262023080899,1.0,0.749262023080899,1.0,진분홍색,자주색,진분홍색,자주색,10,10,3,19,0.21052631578947367
korean,3,-3,2,0.7532852234320117,1.0,0.6898288933251335,1.0,진녹색,녹색,진녹색,녹색,12,11,3,19,0.3157894736842105
korean,4,6,2,0.9999999999999999,0.0,0.9999999999999999,0.0,자주색,<OTHER_SURF>,자주색,<OTHER_HEAD>,13,13,3,19,0.2631578947368421
korean,8,-1,7,0.9999999999999999,0.0,0.9999999999999999,0.0,겨자색,<OTHER_SURF>,겨자색,<OTHER_HEAD>,14,14,3,19,0.21052631578947367
korean,9,-4,-1,0.7532852234320117,1.0,0.7532852234320115,1.0,하늘색,민트색,하늘색,민트색,9,8,3,19,0.631578947368421
korean,7,2,6,0.6673161749360803,1.0,0.6673161749360803,1.0,황토색,주황색,황토색,주황색,11,11,3,19,0.2631578947368421
korean,8,-3,0,0.533714821383084,1.0,0.533714821383084,1.0,민트색,민트색,민트색,민트색,12,11,3,19,0.2631578947368421
korean,9,-3,3,0.4250177510042883,1.0,0.3770700051845914,1.0,연두색,연두색,연두색,연두색,11,10,3,19,0.42105263157894735
korean,9,-2,7,0.533714821383084,1.0,0.533714821383084,1.0,연두색,연두색,노랑색,연두색,10,9,3,19,0.2631578947368421
korean,4,2,-7,0.7381586591411303,0.3333333333333333,0.7381586591411304,0.3333333333333333,파랑색,<OTHER_SURF>,파랑색,<OTHER_HEAD>,7,6,3,19,0.5789473684210527
korean,6,6,-3,0.3324739460735795,1.0,0.2907488117263727,1.0,분홍색,분홍색,분홍색,분홍색,11,10,3,19,0.5263157894736842
korean,5,-3,-1,0.21447597742339125,1.0,0.21447597742339125,1.0,청록색,청록색,청록색,청록색,8,8,3,19,0.631578947368421
korean,5,8,5,0.616855724875569,0.3333333333333333,0.616855724875569,0.3333333333333333,빨간색,<OTHER_SURF>,빨간색,<OTHER_HEAD>,5,5,3,18,0.4444444444444444
korean,5,1,5,0.4591479170272448,1.0,0.40593693711102036,1.0,갈색,갈색,갈색,갈색,9,7,3,18,0.3888888888888889
korean,5,5,-3,0.29463387944082053,1.0,0.29463387944082053,1.0,보라색,자주색,보라색,자주색,8,8,3,18,0.5
korean,7,1,-3,0.8430007575148193,1.0,0.6548575458269756,1.0,연보라색,보라색,연보라색,보라색,6,5,3,18,0.6111111111111112
korean,7,4,0,0.2686664765895091,1.0,0.2686664765895091,1.0,분홍색,분홍색,분홍색,분홍색,6,6,3,18,0.5555555555555556
korean,2,4,-2,0.5173990419746428,1.0,0.4591479170272448,1.0,보라색,자주색,보라색,자주색,9,6,3,18,0.3888888888888889
korean,5,1,-5,1.0,0.0,1.0,0.0,파랑색,<OTHER_SURF>,파랑색,<OTHER_HEAD>,6,6,3,18,0.3888888888888889
korean,8,-2,6,0.35686714873036735,1.0,0.3112781244591328,1.0,연두색,연두색,연두색,연두색,8,7,3,18,0.5
korean,6,4,5,0.4591479170272448,1.0,0.4059369371110203,1.0,주황색,주황색,주황색,주황색,10,9,3,18,0.3888888888888889
korean,4,5,-2,0.20751874963942185,1.0,0.20751874963942185,1.0,보라색,보라색,보라색,보라색,7,7,3,18,0.3333333333333333
korean,7,3,0,0.40593693711102036,1.0,0.35686714873036735,1.0,분홍색,분홍색,분홍색,분홍색,9,8,3,18,0.4444444444444444
korean,8,-4,6,0.1908745046211096,1.0,0.1908745046211096,1.0,연두색,연두색,연두색,연두색,6,5,3,18,0.6666666666666666
polish,3,6,-10,0.6893917467430877,1.0,0.6893917467430877,1.0,niebieski,fioletowy,niebieski,fioletowy,5,4,3,7,0.5714285714285714
polish,7,-2,-4,0.5408520829727551,0.3333333333333333,0.5408520829727551,0.3333333333333333,niebieski,<OTHER_SURF>,niebieski,<OTHER_HEAD>,3,3,3,6,0.6666666666666666
polish,7,-6,6,0.23645279766002797,1.0,0.23645279766002797,1.0,zielony,zielony,zielony,zielony,3,3,3,5,0.6
polish,5,0,-5,0.10803154614560012,1.0,0.10803154614560012,1.0,niebieski,niebieski,niebieski,niebieski,2,2,3,5,0.8
polish,4,6,-8,0.0,1.0,0.0,1.0,fioletowy,fioletowy,fioletowy,fioletowy,1,1,3,5,1.0
polish,9,-6,2,1.0,0.0,1.0,0.0,pistace,<OTHER_SURF>,pistace,<OTHER_HEAD>,5,5,3,5,0.2
polish,4,6,4,0.10803154614560012,1.0,0.10803154614560012,1.0,czerwony,czerwony,czerwony,czerwony,2,2,3,5,0.8
polish,6,5,6,0.31127812445913283,1.0,0.1379253809700299,1.0,pomaranczowy,pomaranczowy,pomaranczowy,pomaranczowy,3,2,3,4,0.75
polish,6,-2,-4,0.31127812445913283,1.0,0.31127812445913283,1.0,niebieski,niebieski,niebieski,niebieski,3,3,3,4,0.5
polish,9,-2,4,0.5487949406953986,1.0,0.5487949406953986,1.0,jasny zielony,limonkowy,zielony,limonkowy,4,3,3,4,0.5
polish,9,-5,8,1.0,0.0,1.0,0.0,zielony,<OTHER_SURF>,zielony,<OTHER_HEAD>,2,2,3,4,0.75
polish,5,1,-6,0.1379253809700299,1.0,0.1379253809700299,1.0,niebieski,niebieski,niebieski,niebieski,2,2,3,4,0.75
polish,7,-1,-2,1.0,0.0,1.0,0.0,błekit,<OTHER_SURF>,niebieski,<OTHER_HEAD>,4,3,3,4,0.5
polish,3,6,-9,1.0,0.0,1.0,0.0,niebieski,<OTHER_SURF>,niebieski,<OTHER_HEAD>,1,1,3,4,1.0
polish,6,0,5,1.0,0.0,1.0,0.0,zołty,<OTHER_SURF>,zołty,<OTHER_HEAD>,3,3,3,4,0.5
polish,9,0,-1,1.0,0.0,1.0,0.0,błekitny,<OTHER_SURF>,błekitny,<OTHER_HEAD>,4,4,3,4,0.25
polish,6,6,4,1.0,0.0,1.0,0.0,pomaranczowy,<OTHER_SURF>,pomaranczowy,<OTHER_HEAD>,3,3,3,4,0.5
polish,8,-7,7,0.31127812445913283,1.0,0.1379253809700299,1.0,zielony,zielony,zielony,zielony,3,2,3,4,0.75
polish,4,4,-9,0.31127812445913283,1.0,0.31127812445913283,1.0,niebieski,niebieski,niebieski,niebieski,3,3,3,4,0.5
polish,3,-1,-2,1.0,0.0,1.0,0.0,niebieski,<OTHER_SURF>,niebieski,<OTHER_HEAD>,2,2,3,4,0.75
polish,7,-2,7,1.0,0.0,1.0,0.0,zielony,<OTHER_SURF>,zielony,<OTHER_HEAD>,1,1,3,4,1.0
polish,8,-5,6,0.42528358731335336,0.6666666666666666,0.42528358731335336,0.6666666666666666,zielony,zielony,zielony,zielony,3,3,3,4,0.5
polish,9,-4,-1,0.5487949406953986,1.0,0.5487949406953986,1.0,seledynowy,turkusowy,seledynowy,turkusowy,4,4,3,4,0.25
polish,8,-1,5,0.5487949406953986,1.0,0.5487949406953986,1.0,złoty,zołty,złoty,zołty,4,4,3,4,0.25
polish,7,3,7,0.0,1.0,0.0,1.0,pomaranczowy,pomaranczowy,pomaranczowy,pomaranczowy,1,1,3,4,1.0
polish,7,-6,7,0.1379253809700299,1.0,0.1379253809700299,1.0,zielony,zielony,zielony,zielony,2,2,3,4,0.75
polish,5,7,1,0.31127812445913283,1.0,0.31127812445913283,1.0,rozowy,rozowy,rozowy,rozowy,3,3,3,4,0.5
polish,5,-3,4,0.1379253809700299,1.0,0.1379253809700299,1.0,zielony,zielony,zielony,zielony,2,2,3,4,0.75
polish,2,-2,1,1.0,0.0,0.6125474873813833,0.6666666666666666,dark green,<OTHER_SURF>,green,zielony,4,4,3,4,0.25
polish,6,-2,-3,0.5176503615477757,0.3333333333333333,0.5176503615477757,0.3333333333333333,niebieski,<OTHER_SURF>,niebieski,<OTHER_HEAD>,2,2,3,4,0.75
polish,6,0,-6,0.1379253809700299,1.0,0.1379253809700299,1.0,niebieski,niebieski,niebieski,niebieski,2,2,3,4,0.75
polish,4,2,-5,0.5487949406953986,1.0,0.5487949406953986,1.0,fioletowy,niebieski,fioletowy,niebieski,3,3,3,4,0.5
polish,4,6,2,1.0,0.0,1.0,0.0,bordowy,<OTHER_SURF>,bordowy,<OTHER_HEAD>,4,4,3,4,0.25
polish,2,2,-5,0.31127812445913283,1.0,0.31127812445913283,1.0,niebieski,granatowy,niebieski,granatowy,2,2,3,4,0.5
polish,8,-6,4,0.5954372523105548,0.3333333333333333,0.5954372523105548,0.3333333333333333,zielony,<OTHER_SURF>,zielony,<OTHER_HEAD>,3,3,3,4,0.5
polish,4,6,0,1.0,0.0,1.0,0.0,buraczkowy,<OTHER_SURF>,buraczkowy,<OTHER_HEAD>,4,4,3,4,0.25
portuguese,8,-5,7,0.8311408685867149,0.3333333333333333,0.7582766571931676,1.0,verde,<OTHER_SURF>,verde,verde limao,7,6,3,10,0.5
portuguese,8,-7,7,0.35686714873036735,1.0,0.12115608152133563,1.0,verde,verde,verde,verde,4,3,3,9,0.7777777777777778
portuguese,7,-6,6,0.5176503615477757,0.3333333333333333,0.1379253809700299,1.0,verde,<OTHER_SURF>,verde,verde,3,3,3,8,0.75
portuguese,8,1,8,0.6893917467430877,1.0,0.6893917467430877,1.0,mostarda,amarelo,mostarda,amarelo,6,6,3,7,0.2857142857142857
portuguese,3,5,-9,0.31127812445913283,1.0,0.0,1.0,azul,azul,azul,azul,2,1,3,6,1.0
portuguese,4,6,5,0.1908745046211096,1.0,0.1908745046211096,1.0,vermelho,vermelho,vermelho,vermelho,3,3,3,6,0.6666666666666666
portuguese,5,-3,0,1.0,0.0,0.4591479170272448,1.0,verde,<OTHER_SURF>,verde,verde,6,5,3,6,0.3333333333333333
portuguese,8,-4,6,1.0,0.0,0.20751874963942185,1.0,verde,<OTHER_SURF>,verde,verde limao,3,3,3,6,0.3333333333333333
portuguese,1,1,-3,0.6666666666666666,0.3333333333333333,0.4591479170272448,1.0,azul marinho,<OTHER_SURF>,azul,azul marinho,4,3,3,6,0.3333333333333333
portuguese,3,6,-10,1.0,0.0,0.3333333333333333,0.6666666666666666,azul,<OTHER_SURF>,azul,azul,3,3,3,6,0.6666666666666666
portuguese,7,0,-2,0.3658632937969324,1.0,0.1908745046211096,1.0,azul,azul claro,azul,azul,5,3,3,6,0.6666666666666666
portuguese,8,-7,5,0.490968531773352,0.6666666666666666,0.23645279766002797,1.0,verde,verde,verde,verde,4,3,3,5,0.6
portuguese,9,-4,2,0.4077660030601058,1.0,0.4077660030601058,1.0,celeste,verde menta,celeste,verde menta,5,5,3,5,0.2
portuguese,8,2,4,1.0,0.0,1.0,0.0,coral,<OTHER_SURF>,coral,<OTHER_HEAD>,5,5,3,5,0.2
portuguese,8,0,8,0.10803154614560012,1.0,0.10803154614560012,1.0,amarelo,amarelo,amarelo,amarelo,2,2,3,5,0.8
portuguese,8,-6,3,0.3679327735475437,0.6666666666666666,0.23645279766002797,1.0,verde,verde,verde,verde,3,3,3,5,0.6
portuguese,2,5,-8,0.10803154614560012,1.0,0.10803154614560012,1.0,azul,azul,azul,azul,2,2,3,5,0.8
portuguese,4,2,-6,0.3958156020033583,1.0,0.0,1.0,azul escuro,azul,azul,azul,2,1,3,5,1.0
portuguese,8,1,6,0.3958156020033583,1.0,0.3958156020033583,1.0,amarelo,amarelo,amarelo,amarelo,4,4,3,5,0.4
portuguese,3,5,2,0.10803154614560012,1.0,0.10803154614560012,1.0,vinho,vinho,vinho,vinho,2,2,3,5,0.8
portuguese,5,2,-2,0.6099865470109875,1.0,0.3958156020033583,1.0,lilas,roxo,roxo,roxo,5,4,3,5,0.4
portuguese,7,-3,3,0.6099865470109875,1.0,0.6099865470109875,1.0,verde musgo,verde,verde musgo,verde,4,4,3,5,0.4
portuguese,6,-5,5,0.3958156020033583,1.0,0.10803154614560012,1.0,verde,verde,verde,verde,3,2,3,5,0.8
portuguese,7,-6,3,0.10803154614560012,1.0,0.10803154614560012,1.0,verde,verde,verde,verde,2,2,3,5,0.8
portuguese,6,8,-3,0.6099865470109875,1.0,0.6099865470109875,1.0,magenta,rosa,magenta,rosa,4,4,3,5,0.4
portuguese,5,-3,-1,1.0,0.0,1.0,0.0,verde agua escuro,<OTHER_SURF>,verde agua,<OTHER_HEAD>,4,4,3,5,0.4
portuguese,10,-2,9,0.5611998859537054,0.3333333333333333,0.2234816231271352,1.0,amarelo,<OTHER_SURF>,amarelo,amarelo limao,3,3,3,5,0.6
portuguese,7,-1,7,1.0,0.0,1.0,0.0,verde,<OTHER_SURF>,verde,<OTHER_HEAD>,5,5,3,5,0.2
portuguese,6,4,-4,0.5487949406953986,1.0,0.5487949406953986,1.0,roxo,lilas,roxo,lilas,2,2,3,4,0.75
portuguese,3,3,-3,0.1379253809700299,1.0,0.1379253809700299,1.0,roxo,roxo,roxo,roxo,2,2,3,4,0.75
portuguese,5,-4,4,0.1379253809700299,1.0,0.1379253809700299,1.0,verde,verde,verde,verde,2,2,3,4,0.75
portuguese,6,1,6,1.0,0.0,1.0,0.0,marrom,<OTHER_SURF>,marrom,<OTHER_HEAD>,4,4,3,4,0.25
portuguese,5,-1,-1,0.29343569632187677,0.6666666666666666,0.1379253809700299,1.0,azul,azul,azul,azul,2,2,3,4,0.75
portuguese,9,-6,3,1.0,0.0,0.5487949406953986,1.0,verde agua,<OTHER_SURF>,verde agua,verde,3,3,3,4,0.5
portuguese,2,2,-4,1.0,0.0,0.5487949406953986,1.0,azul escuro,<OTHER_SURF>,azul,azul marinho,4,4,3,4,0.25
portuguese,1,3,0,0.5487949406953986,1.0,0.5487949406953986,1.0,purpura,vinho,purpura,vinho,4,4,3,4,0.25
portuguese,6,9,-6,1.0,0.0,1.0,0.0,fuscia,<OTHER_SURF>,fuscia,<OTHER_HEAD>,4,4,3,4,0.25
portuguese,5,6,6,0.7126417936566767,0.3333333333333333,0.32518928103806,1.0,vermelho,<OTHER_SURF>,vermelho,laranja,4,4,3,4,0.25
portuguese,3,3,-4,0.31127812445913283,1.0,0.31127812445913283,1.0,roxo,roxo,roxo,roxo,3,3,3,4,0.5
portuguese,5,7,4,0.31127812445913283,1.0,0.1379253809700299,1.0,vermelho,vermelho,vermelho,vermelho,3,2,3,4,0.75
portuguese,7,2,6,0.1379253809700299,1.0,0.1379253809700299,1.0,laranja,laranja,laranja,laranja,2,2,3,4,0.75
portuguese,3,-2,3,1.0,0.0,0.5487949406953986,1.0,verde escuro/ verde oliva,<OTHER_SURF>,verde escuro verde oliva,verde,4,4,3,4,0.25
portuguese,8,1,4,0.31127812445913283,1.0,0.31127812445913283,1.0,bege,bege,bege,bege,3,3,3,4,0.5
portuguese,8,-1,-2,0.5487949406953986,1.0,0.5487949406953986,1.0,azul bebe,azul claro,azul bebe,azul,2,2,3,4,0.75
portuguese,5,3,5,1.0,0.0,0.5487949406953986,1.0,laranja,<OTHER_SURF>,laranja,marrom,3,3,3,4,0.5
portuguese,5,8,0,1.0,0.0,1.0,0.0,rosa choque,<OTHER_SURF>,rosa choque,<OTHER_HEAD>,4,4,3,4,0.25
portuguese,3,0,-3,1.0,0.0,0.31127812445913283,1.0,azul escuro,<OTHER_SURF>,azul,azul,4,3,3,4,0.5
portuguese,5,0,-6,0.1379253809700299,1.0,0.1379253809700299,1.0,azul,azul,azul,azul,2,2,3,4,0.75
portuguese,5,7,2,0.6125474873813833,0.6666666666666666,0.6125474873813833,0.6666666666666666,vermelho,rosa,vermelho,rosa,4,4,3,4,0.25
portuguese,6,-3,-2,1.0,0.0,1.0,0.0,azul esverdeado,<OTHER_SURF>,azul esverdeado,<OTHER_HEAD>,4,4,3,4,0.25
russian,8,-4,-2,1.0,0.0,1.0,0.0,голубои,<OTHER_SURF>,голубой,<OTHER_HEAD>,2,2,3,7,0.7142857142857143
russian,9,-2,8,0.9999999999999999,0.0,1.0,0.0,желтыи,<OTHER_SURF>,жёлтый,<OTHER_HEAD>,6,4,3,7,0.42857142857142855
russian,8,-7,5,0.4591479170272448,1.0,0.0888056394794565,1.0,зеленыи,зеленыи,зелёный,зелёный,5,2,3,6,0.8333333333333334
russian,3,-3,3,0.6548575458269756,1.0,0.0,1.0,темно зеленыи,зеленыи,зелёный,зелёный,2,1,3,6,1.0
russian,5,5,-3,1.0,0.0,0.4591479170272448,1.0,бледно фиолетовыи,<OTHER_SURF>,фиолетовый,фиолетовый,6,5,3,6,0.3333333333333333
russian,9,0,5,0.31127812445913283,1.0,0.31127812445913283,1.0,желтыи,желтыи,жёлтый,жёлтый,4,4,3,6,0.5
russian,4,6,-4,1.0,0.0,1.0,0.0,фуксия,<OTHER_SURF>,фуксия,<OTHER_HEAD>,5,5,3,6,0.3333333333333333
russian,7,4,-3,0.5954372523105547,0.3333333333333333,0.5408520829727551,0.3333333333333333,розовыи,<OTHER_SURF>,розовый,<OTHER_HEAD>,4,3,3,6,0.6666666666666666
russian,7,-3,-3,1.0,0.0,0.6548575458269756,1.0,голубои,<OTHER_SURF>,голубой,бирюзовый,3,2,3,6,0.8333333333333334
russian,3,4,-7,0.4591479170272448,1.0,0.4591479170272448,1.0,фиолетовыи,фиолетовыи,синий,фиолетовый,5,3,3,6,0.5
russian,8,1,1,0.6548575458269756,1.0,0.6548575458269756,1.0,бежевыи,розовыи,бежевыи,розовый,4,4,3,6,0.5
russian,1,-1,1,1.0,0.0,0.5408520829727551,0.6666666666666666,черныи,<OTHER_SURF>,чёрный,зелёный,3,3,3,6,0.5
russian,5,7,-2,0.3333333333333333,0.6666666666666666,0.3333333333333333,0.6666666666666666,фуксия,фуксия,фуксия,фуксия,3,3,3,6,0.6666666666666666
russian,9,-6,8,0.49096853177335203,0.6666666666666666,0.490968531773352,0.6666666666666666,салатовыи,салатовыи,зелёный,салатовыи,3,2,3,5,0.6
russian,9,-5,4,1.0,0.0,1.0,0.0,мятныи,<OTHER_SURF>,зелёный,<OTHER_HEAD>,4,2,3,5,0.6
russian,7,-1,7,0.3958156020033583,1.0,0.3958156020033583,1.0,оливковыи,оливковыи,оливковыи,оливковыи,4,4,3,5,0.4
russian,5,-1,3,0.3958156020033583,1.0,0.3958156020033583,1.0,оливковыи,оливковыи,оливковыи,оливковыи,4,4,3,5,0.4
russian,3,-2,0,1.0,0.0,1.0,0.0,сине зеленыи,<OTHER_SURF>,зелёный,<OTHER_HEAD>,5,3,3,5,0.6
russian,3,0,-3,1.0,0.0,0.0,1.0,темно синии,<OTHER_SURF>,синий,синий,3,1,3,5,1.0
russian,9,-7,8,1.0,0.0,0.6355222557917826,0.3333333333333333,салатовыи,<OTHER_SURF>,салатовыи,<OTHER_HEAD>,3,2,3,5,0.6
russian,8,2,3,1.0,0.0,1.0,0.0,бежевыи,<OTHER_SURF>,бежевыи,<OTHER_HEAD>,4,4,3,5,0.4
russian,5,0,-5,0.10803154614560012,1.0,0.0,1.0,синии,синии,синий,синий,2,1,3,5,1.0
russian,8,-6,4,0.4077660030601058,1.0,0.016528777470241153,1.0,салатово зеленыи,зеленыи,зелёный,зелёный,5,2,3,5,0.8
russian,8,-7,7,0.6099865470109875,1.0,0.23645279766002797,1.0,ярко зеленыи,зеленыи,зелёный,зелёный,5,3,3,5,0.6
russian,6,6,5,0.6099865470109875,1.0,0.39581560200335836,1.0,ярко оранжевыи,оранжевыи,оранжевый,оранжевый,5,4,3,5,0.4
russian,6,1,-6,0.23645279766002797,1.0,0.23645279766002797,1.0,синии,синии,синий,синий,3,2,3,5,0.6
russian,5,0,-6,0.3958156020033583,1.0,0.3958156020033583,1.0,синии,синии,синий,синий,3,3,3,5,0.4
russian,3,6,-10,1.0,0.0,1.0,0.0,синии,<OTHER_SURF>,синий,<OTHER_HEAD>,2,1,3,5,1.0
russian,6,2,-1,0.6622817371734298,0.6666666666666666,0.4077660030601058,1.0,фиолетовыи,сиреневыи,фиолетовый,сиреневыи,5,4,3,5,0.4
russian,8,-1,-1,0.3958156020033583,1.0,0.0,1.0,голубои,голубои,голубой,голубой,3,1,3,5,1.0
russian,6,0,-4,0.490968531773352,0.6666666666666666,0.236452797660028,1.0,синии,синии,синий,синий,4,4,3,5,0.4
russian,7,-2,7,0.745484265886676,0.3333333333333333,0.745484265886676,0.3333333333333333,зеленыи,<OTHER_SURF>,зелёный,<OTHER_HEAD>,4,3,3,5,0.6
russian,5,-2,-1,0.6099865470109875,1.0,0.3958156020033583,1.0,морскои волны,бирюзовыи,морскои волны,бирюзовый,5,3,3,5,0.4
russian,5,7,4,0.0,1.0,0.0,1.0,красныи,красныи,красный,красный,1,1,3,5,1.0
russian,5,7,1,0.5487949406953986,1.0,0.5487949406953986,1.0,малиновыи,розовыи,малиновыи,розовый,4,4,3,4,0.25
russian,4,7,-8,0.1379253809700299,1.0,0.1379253809700299,1.0,фиолетовыи,фиолетовыи,фиолетовый,фиолетовый,2,2,3,4,0.75
russian,8,-2,0,0.5487949406953986,1.0,0.5487949406953986,1.0,пепельныи,бирюзовыи,пепельныи,бирюзовый,4,4,3,4,0.25
russian,4,7,4,0.1379253809700299,1.0,0.0,1.0,красныи,красныи,красный,красный,2,1,3,4,1.0
russian,5,-3,-1,0.5487949406953986,1.0,0.5487949406953986,1.0,аквамарин,бирюзовыи,аквамарин,бирюзовый,4,4,3,4,0.25
russian,8,-5,1,1.0,0.0,1.0,0.0,зелено голубои,<OTHER_SURF>,голубой,<OTHER_HEAD>,4,4,3,4,0.25
russian,4,7,-3,1.0,0.0,1.0,0.0,пурпурныи,<OTHER_SURF>,пурпурныи,<OTHER_HEAD>,2,2,3,4,0.75
russian,7,2,5,1.0,0.0,1.0,0.0,бледно персковыи,<OTHER_SURF>,персковыи,<OTHER_HEAD>,4,4,3,4,0.25
russian,9,-3,-1,1.0,0.0,0.6125474873813833,0.6666666666666666,голубои,<OTHER_SURF>,голубой,бирюзовый,3,2,3,4,0.75
russian,8,1,-2,0.5487949406953986,1.0,0.5487949406953986,1.0,нежно голубои,сиреневыи,голубой,сиреневыи,4,4,3,4,0.25
russian,2,5,-8,0.31127812445913283,1.0,0.0,1.0,синии,синии,синий,синий,3,1,3,4,1.0
russian,9,-2,5,1.0,0.0,1.0,0.0,нежно зеленыи,<OTHER_SURF>,зелёный,<OTHER_HEAD>,4,2,3,4,0.75
russian,9,-1,-1,1.0,0.0,0.0,1.0,светло голубои,<OTHER_SURF>,голубой,голубой,2,1,3,4,1.0
russian,7,1,6,0.5487949406953986,1.0,0.5487949406953986,1.0,хаки,охра,хаки,охра,4,4,3,4,0.25
russian,4,4,3,1.0,0.0,1.0,0.0,кирпичныи,<OTHER_SURF>,красный,<OTHER_HEAD>,4,3,3,4,0.5
russian,8,-6,2,0.42528358731335336,0.6666666666666666,0.42528358731335336,0.6666666666666666,бирюзовыи,бирюзовыи,бирюзовый,бирюзовый,3,3,3,4,0.5
russian,5,5,-6,0.5487949406953986,1.0,0.31127812445913283,1.0,пурпурныи,фиолетовыи,фиолетовый,фиолетовый,4,3,3,4,0.5
russian,4,2,-6,0.1908745046211096,0.6666666666666666,0.1908745046211096,0.6666666666666666,синии,синии,синий,синий,1,1,3,4,1.0
russian,6,1,-2,0.5954372523105548,0.3333333333333333,0.3080790459672315,0.6666666666666666,сиреневыи,<OTHER_SURF>,сиреневыи,фиолетовый,3,3,3,4,0.5
russian,7,3,6,0.1379253809700299,1.0,0.1379253809700299,1.0,оранжевыи,оранжевыи,оранжевый,оранжевый,2,2,3,4,0.75
russian,6,6,-1,0.0,1.0,0.0,1.0,розовыи,розовыи,розовый,розовый,1,1,3,4,1.0
russian,7,-6,6,0.31127812445913283,1.0,0.1379253809700299,1.0,зеленыи,зеленыи,зелёный,зелёный,3,2,3,4,0.75
russian,3,5,-2,1.0,0.0,1.0,0.0,бордовыи,<OTHER_SURF>,бордовыи,<OTHER_HEAD>,4,4,3,4,0.25
russian,9,-3,2,0.5487949406953986,1.0,0.5487949406953986,1.0,светло зеленыи,мятныи,зелёный,мятныи,4,3,3,4,0.5
russian,3,2,-2,0.31127812445913283,1.0,0.0,1.0,фиолетовыи,фиолетовыи,фиолетовый,фиолетовый,2,1,3,4,1.0
russian,8,-5,-1,0.5487949406953986,1.0,0.5487949406953986,1.0,сине зеленыи,бирюзовыи,зелёный,бирюзовый,4,4,3,4,0.25
russian,7,-4,6,0.5954372523105548,0.3333333333333333,0.5954372523105548,0.3333333333333333,салатовыи,<OTHER_SURF>,салатовыи,<OTHER_HEAD>,3,2,3,4,0.5
russian,6,-5,5,0.31127812445913283,1.0,0.0,1.0,зеленыи,зеленыи,зелёный,зелёный,3,1,3,4,1.0
russian,6,1,-1,1.0,0.0,0.5487949406953986,1.0,серо фиолетовыи,<OTHER_SURF>,фиолетовый,сиреневыи,3,2,3,4,0.75
russian,5,-3,5,1.0,0.0,1.0,0.0,зеленыи,<OTHER_SURF>,зелёный,<OTHER_HEAD>,2,2,3,4,0.75
russian,5,-2,-3,0.6125474873813833,0.6666666666666666,0.42528358731335336,0.6666666666666666,аквамарин,синии,синий,синий,4,3,3,4,0.5
russian,5,8,-5,1.0,0.0,1.0,0.0,сиреневыи,<OTHER_SURF>,сиреневыи,<OTHER_HEAD>,4,4,3,4,0.25
russian,7,-6,5,0.1379253809700299,1.0,0.0,1.0,зеленыи,зеленыи,зелёный,зелёный,2,1,3,4,1.0
russian,4,-2,2,0.5487949406953986,1.0,0.31127812445913283,1.0,болотныи,зеленыи,зелёный,зелёный,3,2,3,4,0.5
russian,9,-5,-1,0.5487949406953986,1.0,0.5487949406953986,1.0,лазурныи,бирюзовыи,лазурныи,бирюзовый,3,3,3,4,0.5
russian,5,-4,4,0.0,1.0,0.0,1.0,зеленыи,зеленыи,зелёный,зелёный,1,1,3,4,1.0
russian,3,5,3,0.31127812445913283,1.0,0.31127812445913283,1.0,бордовыи,бордовыи,бордовыи,бордовыи,3,3,3,4,0.5
russian,7,-3,0,0.5487949406953986,1.0,0.5487949406953986,1.0,бирюзовыи,бирюзовыи,бирюзовый,бирюзовый,4,4,3,4,0.25
russian,7,-4,1,0.7126417936566767,0.3333333333333333,0.7126417936566767,0.3333333333333333,изумрудныи,<OTHER_SURF>,зелёный,<OTHER_HEAD>,4,3,3,4,0.5
russian,4,7,-9,0.31127812445913283,1.0,0.1379253809700299,1.0,фиолетовыи,фиолетовыи,фиолетовый,фиолетовый,3,2,3,4,0.75
russian,6,8,0,0.5487949406953986,1.0,0.1379253809700299,1.0,ярко розовыи,розовыи,розовый,розовый,3,2,3,4,0.75
russian,5,7,3,0.1379253809700299,1.0,0.1379253809700299,1.0,красныи,красныи,красный,красный,2,2,3,4,0.75
russian,3,7,-10,0.5487949406953986,1.0,0.5487949406953986,1.0,синии,фиолетовыи,синий,фиолетовый,3,3,3,4,0.5
russian,4,4,-3,0.31127812445913283,1.0,0.31127812445913283,1.0,фиолетовыи,фиолетовыи,фиолетовый,фиолетовый,3,3,3,4,0.5
russian,9,-3,1,0.31127812445913283,1.0,0.31127812445913283,1.0,мятныи,мятныи,зелёный,мятныи,3,2,3,4,0.5
russian,5,2,-6,1.0,0.0,1.0,0.0,светло синии,<OTHER_SURF>,синий,<OTHER_HEAD>,4,2,3,4,0.75
spanish,3,6,-10,1.0,0.0,1.0,0.0,azul,<OTHER_SURF>,azul,<OTHER_HEAD>,10,8,3,16,0.5625
spanish,4,-4,4,0.3112781244591328,1.0,0.16011249429901175,1.0,verde,verde,verde,verde,6,5,3,14,0.7142857142857143
spanish,8,-4,-2,0.5087256743873156,1.0,0.5087256743873156,1.0,turquesa,turquesa,turquesa,turquesa,9,9,3,14,0.2857142857142857
spanish,8,-7,7,0.248350487817874,1.0,0.0888056394794565,1.0,verde,verde,verde,verde,5,3,3,12,0.8333333333333334
spanish,8,-6,7,1.0,0.0,0.1379253809700299,1.0,verde,<OTHER_SURF>,verde,verde,5,4,3,12,0.75
spanish,3,1,-5,0.3112781244591328,1.0,0.3112781244591328,1.0,azul,azul,azul,azul,7,6,3,12,0.5
spanish,9,-5,-1,0.7880764030341532,1.0,0.7880764030341532,1.0,cian,turquesa,cian,turquesa,9,9,3,12,0.25
spanish,4,4,-9,0.2112082833387217,1.0,0.09747776910199239,1.0,azul,azul,azul,azul,4,3,3,11,0.8181818181818182
spanish,5,8,6,0.1519602295264612,1.0,0.09747776910199239,1.0,rojo,rojo,rojo,rojo,4,3,3,11,0.8181818181818182
spanish,2,4,-7,0.4327636575662955,1.0,0.4327636575662954,1.0,azul,azul,azul,azul,9,8,3,11,0.2727272727272727
spanish,4,3,-8,0.34833583088395825,1.0,0.34833583088395825,1.0,azul,azul,azul,azul,6,6,3,11,0.45454545454545453
spanish,3,5,-9,0.27621156854915624,1.0,0.27621156854915624,1.0,azul,azul,azul,azul,6,6,3,11,0.5454545454545454
spanish,4,6,-5,0.290927968503819,1.0,0.2437592094751677,1.0,morado,violeta,morado,violeta,6,5,3,11,0.36363636363636365
spanish,4,6,5,0.1519602295264612,1.0,0.1519602295264612,1.0,rojo,rojo,rojo,rojo,4,4,3,11,0.7272727272727273
spanish,8,1,-1,1.0,0.0,1.0,0.0,lila,<OTHER_SURF>,lila,<OTHER_HEAD>,9,8,3,10,0.3
spanish,5,-2,5,1.0,0.0,0.31695992644599635,0.6666666666666666,verde,<OTHER_SURF>,verde,verde,3,3,3,10,0.7
spanish,6,-3,-1,0.6099865470109875,1.0,0.6099865470109875,1.0,verde,turquesa,verde,turquesa,5,4,3,10,0.5
spanish,5,8,-5,0.6099865470109875,1.0,0.6099865470109875,1.0,rosa,fucsia,magenta,fucsia,8,6,3,10,0.3
spanish,8,-5,0,0.3958156020033583,1.0,0.31127812445913283,1.0,turquesa,turquesa,turquesa,turquesa,7,6,3,10,0.5
spanish,8,-6,6,0.3679327735475437,0.6666666666666666,0.23645279766002797,1.0,verde,verde,verde,verde,5,5,3,10,0.6
spanish,6,0,-6,0.23645279766002797,1.0,0.16919485510105414,1.0,azul,azul,azul,azul,4,3,3,10,0.7
spanish,7,4,0,0.16919485510105414,1.0,0.10803154614560012,1.0,rosa,rosa,rosa,rosa,4,3,3,10,0.8
spanish,5,6,-6,0.2234816231271352,1.0,0.2234816231271352,1.0,morado,violeta,morado,violeta,4,4,3,10,0.6
spanish,2,5,-8,0.236452797660028,1.0,0.16919485510105414,1.0,azul,azul,azul,azul,5,4,3,10,0.7
spanish,6,-4,2,0.39581560200335836,1.0,0.23645279766002797,1.0,verde,verde,verde,verde,7,5,3,10,0.6
spanish,7,-4,0,0.3679327735475437,0.6666666666666666,0.23645279766002797,1.0,turquesa,turquesa,turquesa,turquesa,5,5,3,10,0.6
spanish,7,-6,7,0.39253709298630435,0.6666666666666666,0.2686664765895091,1.0,verde,verde,verde,verde,5,5,3,9,0.5555555555555556
spanish,5,-3,-1,0.7394468924503992,1.0,0.7394468924503992,1.0,turquesa,verde azulado,turquesa,verde azulado,8,7,3,9,0.3333333333333333
spanish,4,6,1,1.0,0.0,1.0,0.0,rosa,<OTHER_SURF>,rosa,<OTHER_HEAD>,8,8,3,9,0.2222222222222222
spanish,9,-2,4,0.5896210028937321,1.0,0.3605680553151701,1.0,verde,verde claro,verde,verde,8,6,3,9,0.3333333333333333
spanish,5,1,-6,0.35686714873036735,1.0,0.35686714873036735,1.0,azul,azul,azul,azul,5,5,3,9,0.4444444444444444
spanish,5,8,-7,0.6666666666666667,0.3333333333333333,0.616855724875569,0.3333333333333333,morado,<OTHER_SURF>,morado,<OTHER_HEAD>,7,6,3,9,0.4444444444444444
spanish,7,0,7,0.5819765115539188,1.0,0.5819765115539188,1.0,ocre,amarillo,ocre,amarillo,6,6,3,9,0.2222222222222222
spanish,9,-7,7,0.4591479170272448,1.0,0.4591479170272448,1.0,verde,verde,verde,verde,5,4,3,9,0.3333333333333333
spanish,4,-1,4,0.7394468924503992,1.0,0.7394468924503994,1.0,verde,oliva,verde,oliva,6,5,3,9,0.5555555555555556
spanish,5,7,6,0.12115608152133563,1.0,0.05791426176250229,1.0,rojo,rojo,rojo,rojo,3,2,3,9,0.8888888888888888
spanish,7,-6,6,0.1908745046211096,1.0,0.1908745046211096,1.0,verde,verde,verde,verde,4,4,3,9,0.6666666666666666
spanish,5,7,-1,0.3568671487303674,1.0,0.3568671487303674,1.0,fucsia,fucsia,fucsia,fucsia,4,4,3,9,0.4444444444444444
spanish,4,1,-2,1.0,0.0,1.0,0.0,gris,<OTHER_SURF>,gris,<OTHER_HEAD>,6,6,3,9,0.3333333333333333
spanish,9,-6,8,1.0,0.0,0.4591479170272448,1.0,verde,<OTHER_SURF>,verde,verde,6,6,3,9,0.3333333333333333
spanish,3,0,-3,0.6394319446848298,0.6666666666666666,0.3568671487303674,1.0,azul oscuro,azul,azul,azul,7,6,3,9,0.4444444444444444
spanish,5,7,0,0.2686664765895091,1.0,0.1908745046211096,1.0,fucsia,fucsia,fucsia,fucsia,5,4,3,9,0.6666666666666666
spanish,6,-5,4,0.1908745046211096,1.0,0.1908745046211096,1.0,verde,verde,verde,verde,4,4,3,9,0.6666666666666666
spanish,9,-6,7,0.7394468924503992,1.0,0.7394468924503994,1.0,verde,verde lima,verde,verde lima,8,6,3,9,0.4444444444444444
spanish,4,-2,-2,0.7394468924503992,1.0,0.7394468924503992,1.0,azul,turquesa,azul,turquesa,6,6,3,9,0.4444444444444444
spanish,4,0,3,1.0,0.0,1.0,0.0,marron,<OTHER_SURF>,marron,<OTHER_HEAD>,6,6,3,9,0.2222222222222222
spanish,9,-1,2,0.5819765115539189,1.0,0.2686664765895091,1.0,verde claro,verde claro,verde,verde,7,4,3,9,0.5555555555555556
spanish,5,-1,5,1.0,0.0,1.0,0.0,verde militar,<OTHER_SURF>,verde militar,<OTHER_HEAD>,7,7,3,9,0.3333333333333333
spanish,5,-1,-4,0.12115608152133563,1.0,0.12115608152133563,1.0,azul,azul,azul,azul,3,3,3,9,0.7777777777777778
spanish,5,0,-4,0.3568671487303674,1.0,0.12115608152133563,1.0,azul,azul,azul,azul,5,3,3,9,0.7777777777777778
spanish,4,5,-2,0.4591479170272448,1.0,0.4591479170272448,1.0,morado,morado,morado,morado,8,8,3,9,0.2222222222222222
spanish,3,3,2,0.4591479170272448,1.0,0.3568671487303674,1.0,marron,marron,marron,marron,7,5,3,9,0.4444444444444444
spanish,7,4,2,0.2166741405494514,1.0,0.2166741405494514,1.0,salmon,rosa,salmon,rosa,6,6,3,9,0.3333333333333333
spanish,6,7,-2,0.7169171866886992,1.0,0.7169171866886992,1.0,fucsia,rosa,fucsia,rosa,7,7,3,8,0.25
spanish,9,-6,1,0.6125474873813833,0.6666666666666666,0.418821231072075,1.0,turquesa,turquesa,turquesa,turquesa,7,7,3,8,0.25
spanish,9,0,8,0.0,1.0,0.0,1.0,amarillo,amarillo,amarillo,amarillo,1,1,3,8,1.0
spanish,4,-3,1,0.7169171866886992,1.0,0.31127812445913283,1.0,verde,verde oscuro,verde,verde,6,5,3,8,0.5
spanish,6,7,-5,0.5189155373473684,0.6666666666666666,0.5189155373473684,0.6666666666666666,rosa,violeta,rosa,violeta,7,7,3,8,0.25
spanish,2,0,-3,0.31127812445913283,1.0,0.31127812445913283,1.0,azul marino,azul marino,azul marino,azul marino,4,3,3,8,0.5
spanish,3,5,-5,0.4188212310720749,1.0,0.21899525866266342,1.0,morado,morado,morado,morado,4,3,3,8,0.625
spanish,4,7,-9,0.5090191722627645,0.6666666666666666,0.5090191722627645,0.6666666666666666,violeta,violeta,violeta,violeta,6,6,3,8,0.375
spanish,9,-4,8,0.7169171866886992,1.0,0.7169171866886992,1.0,verde,lima,verde,lima,7,7,3,8,0.25
spanish,9,-1,5,0.42528358731335336,0.6666666666666666,0.21899525866266342,1.0,amarillo,amarillo,amarillo,amarillo,5,4,3,8,0.625
spanish,6,-4,1,0.3546515273361385,0.6666666666666666,0.21899525866266342,1.0,verde,verde,verde,verde,4,4,3,8,0.625
spanish,9,-3,7,1.0,0.0,1.0,0.0,verde,<OTHER_SURF>,verde,<OTHER_HEAD>,5,5,3,8,0.5
spanish,6,1,-6,0.4188212310720749,1.0,0.4188212310720749,1.0,azul,azul,azul,azul,5,5,3,8,0.375
spanish,6,3,-4,1.0,0.0,1.0,0.0,lila,<OTHER_SURF>,lila,<OTHER_HEAD>,3,3,3,8,0.625
spanish,8,-5,2,1.0,0.0,0.31127812445913283,1.0,verde,<OTHER_SURF>,verde,verde,6,5,3,8,0.5
spanish,9,-2,-1,0.8062737436906917,0.3333333333333333,0.7126417936566767,0.3333333333333333,azul,<OTHER_SURF>,azul,<OTHER_HEAD>,6,5,3,8,0.375
spanish,5,7,-4,0.5487949406953986,1.0,0.5487949406953986,1.0,fucsia,fucsia,fucsia,fucsia,5,5,3,8,0.25
spanish,2,-1,-1,0.7169171866886992,1.0,0.4188212310720749,1.0,azul,azul oscuro,azul,azul,6,5,3,8,0.375
spanish,8,-1,1,0.7169171866886992,1.0,0.5487949406953986,1.0,gris,verde claro,gris,verde,6,5,3,8,0.375
spanish,5,6,6,0.7509221822236529,0.6666666666666666,0.7169171866886992,1.0,naranja,rojo,naranja,rojo,4,4,3,8,0.5
spanish,8,-5,4,0.31127812445913283,1.0,0.06550784501721568,1.0,verde,verde,verde,verde,3,2,3,8,0.875
spanish,4,6,4,0.06550784501721568,1.0,0.0,1.0,rojo,rojo,rojo,rojo,2,1,3,8,1.0
spanish,9,-4,6,0.5487949406953986,1.0,0.5487949406953986,1.0,verde claro,verde lima,verde,verde lima,5,4,3,8,0.5
spanish,4,5,5,1.0,0.0,1.0,0.0,rojo,<OTHER_SURF>,rojo,<OTHER_HEAD>,6,5,3,8,0.5
spanish,5,8,-6,1.0,0.0,1.0,0.0,rosa oscuro,<OTHER_SURF>,violeta,<OTHER_HEAD>,8,7,3,8,0.25
spanish,4,4,-8,1.0,0.0,1.0,0.0,azul,<OTHER_SURF>,azul,<OTHER_HEAD>,7,6,3,8,0.375
spanish,2,4,0,0.7169171866886992,1.0,0.7169171866886992,1.0,rojo vino,granate,rojo vino,granate,6,6,3,8,0.375
spanish,7,3,7,0.1379253809700299,1.0,0.1379253809700299,1.0,naranja,naranja,naranja,naranja,3,3,3,8,0.75
spanish,3,3,-1,1.0,0.0,1.0,0.0,violeta,<OTHER_SURF>,morado,<OTHER_HEAD>,4,3,3,8,0.5
spanish,5,2,-7,0.31127812445913283,1.0,0.31127812445913283,1.0,azul,azul,azul,azul,4,4,3,8,0.5
spanish,6,-2,-3,0.5571959259143446,1.0,0.5571959259143446,1.0,azul,cian,azul,cian,7,6,3,8,0.375
spanish,9,-1,8,0.06550784501721568,1.0,0.0,1.0,amarillo,amarillo,amarillo,amarillo,2,1,3,8,1.0
spanish,7,3,4,1.0,0.0,1.0,0.0,naranja,<OTHER_SURF>,carne,<OTHER_HEAD>,6,5,3,8,0.375
spanish,3,-1,-2,0.7169171866886992,1.0,0.7169171866886992,1.0,azul marino,azul petroleo,azul,azul petroleo,6,5,3,8,0.375
spanish,1,1,-3,0.7169171866886992,1.0,0.7169171866886992,1.0,azul oscuro,azul marino,azul,azul marino,5,4,3,8,0.625
spanish,6,-2,6,1.0,0.0,0.5487949406953986,1.0,verde,<OTHER_SURF>,verde,verde,7,7,3,8,0.25
spanish,6,-3,-2,1.0,0.0,1.0,0.0,celeste,<OTHER_SURF>,celeste,<OTHER_HEAD>,7,7,3,8,0.25
spanish,9,-2,8,0.5533632071836767,0.3333333333333333,0.1379253809700299,1.0,amarillo,<OTHER_SURF>,amarillo,amarillo,4,3,3,8,0.75
spanish,7,1,1,1.0,0.0,1.0,0.0,marron,<OTHER_SURF>,marron,<OTHER_HEAD>,7,6,3,8,0.375
