global_bin_id,binL,binA,binB,L,A,B,R,G,B_rgb
0,5,-3,4,47.44478734398981,-26.79897117221658,35.88477057570838,79,124,47
1,7,-6,2,73.10961680777943,-56.309661816066615,22.546878293761008,14,205,135
2,7,4,-2,66.37941410485563,44.6544695903272,-22.903208614120764,223,129,204
3,8,0,5,76.94933012999138,0.4564997329710718,52.85468413506469,213,188,88
4,5,4,-3,46.70639394514101,35.09954831880163,-34.1224960069451,146,88,169
5,3,5,0,34.17671404649505,54.94833250624615,-3.96526536859767,152,20,89
6,7,2,1,69.95409738258105,17.612480067989654,13.168772618327406,208,159,148
7,10,0,1,95.29270265690116,3.076135094880028,10.652352024599375,254,239,221
8,8,-4,7,78.82491109828655,-42.73625119953567,68.2568325629233,139,215,46
9,8,-3,0,82.43619285261764,-29.80474616493478,4.15140124108484,141,221,196
10,9,-5,-1,85.9306369838938,-48.657081833075935,-8.449207490216338,47,240,229
11,3,3,-3,27.71596190836725,26.092239907146546,-28.553647732448205,87,50,110
12,6,8,0,55.01317561863689,75.97761668386576,-2.06949371538574,241,44,139
13,8,-7,6,81.66067109204306,-70.41413661159274,58.76190583143306,25,234,79
14,8,0,-1,80.67956446231794,4.745264039837716,-14.822998765044517,199,198,228
15,9,-5,4,89.28509054144563,-50.756285359297,43.984840124747,135,249,135
16,5,8,2,54.044548475409925,75.2967028745537,18.83891275074676,242,39,102
17,9,-3,8,93.412094817895,-34.6427251736266,81.11879086552165,203,253,52
18,5,4,1,46.35634810295621,36.14472105547567,13.074988212656756,168,83,90
19,6,-4,-1,57.14923492054102,-35.447458431434434,-6.929470112272518,16,154,148
20,9,-7,8,87.08512304098215,-74.05467933206211,79.93949751415326,60,251,10
21,6,-5,4,64.44062292222405,-50.23362410535537,43.07787863329664,61,178,72
22,9,-5,8,90.32591786504976,-54.50556038771687,80.70787644730576,147,253,35
23,4,6,5,42.076815989253376,61.02098114707288,51.78727241008417,191,30,14
24,4,7,-6,38.47686793012144,67.20042979854976,-62.437743993673536,150,12,195
25,3,6,-3,33.294637893677745,59.00347427981628,-25.266687165780265,147,2,120
26,5,8,-1,49.73632584523048,76.35319957148073,-9.091413939846891,223,12,137
27,7,-5,6,65.15241250720986,-50.95505204251072,59.07797298074138,72,180,30
28,6,7,-5,59.72081161394945,66.97036303013337,-54.450523461346776,218,87,242
29,8,-6,7,82.28220264464919,-55.19974007714173,69.24403072287737,116,230,52
30,8,-1,8,81.36395119406697,-8.402866606525006,76.31326691021218,216,205,32
31,1,2,-2,6.079148370605328,20.3369983962826,-24.956971725092917,31,7,53
32,5,7,5,46.26560583655088,68.88835722272363,45.43511814939346,213,21,39
33,5,7,2,48.45310584267638,72.79742756357172,23.465080237186875,222,17,81
34,8,1,7,77.9632378735307,12.003949309360994,70.51232516296054,238,183,48
35,2,3,-3,24.5108935606762,31.447073100715983,-33.67780109582414,83,38,110
36,9,1,8,85.46649086815455,5.182433088684824,82.85872665122305,252,208,22
37,8,-2,8,84.10544267606859,-23.94012931401196,80.99099274966608,197,221,6
38,4,3,0,44.785297605206,25.763381924009344,-1.199628219896831,145,89,109
39,7,3,5,65.63473655046607,26.17432896260996,52.982470074949525,219,140,62
40,3,1,4,32.91786237331301,6.353987376903652,40.28310370490328,98,73,3
41,6,-5,5,60.464989702397375,-53.29325825106196,48.65019378505187,36,168,48
42,3,6,-6,34.194941298096964,63.35333904663854,-60.110236260089536,134,3,179
43,5,6,-2,48.02002753342843,62.409554414300686,-17.68367963806401,197,54,146
44,4,6,2,44.4347868982501,63.14641579082886,23.98308503786069,198,35,70
45,6,5,-2,61.53499928333187,45.26055338435148,-16.854074816536645,213,115,180
46,1,2,1,10.47317298556273,16.533954265153515,11.987116703346606,51,18,10
47,4,6,-2,42.71485104881514,62.24619060165293,-18.18463202384197,181,36,133
48,5,7,0,54.14383273504792,72.68371000306895,-2.3321939978994566,234,50,137
49,6,4,3,60.66966712177204,39.33562564809462,34.37873905382494,219,116,88
50,4,0,5,44.12332118103397,3.8212337200762,46.569890674719936,125,101,16
51,8,-4,6,81.63405366017298,-40.18228254754913,60.03655363942957,150,222,79
52,7,-6,6,72.50306516245858,-57.71500600006313,63.57388809910696,73,203,38
53,2,1,1,16.72326015352995,13.870347021548683,13.953761388108948,63,33,22
54,6,-1,-5,61.24648189387911,-10.079698809155936,-48.66841370571888,50,156,234
55,8,3,-3,76.46641931081885,34.040540965756705,-26.12856695315844,233,166,238
56,7,-5,4,68.30713069901596,-48.288940372400056,44.949548192151,82,188,78
57,3,-2,-1,28.41927619923724,-17.67435194462294,-12.006532330814668,3,75,85
58,4,0,-4,40.59945293091959,-1.983103080272608,-40.90128738217385,39,99,163
59,4,2,1,44.65051438701467,23.5427718231645,8.295028183395193,145,90,93
60,4,2,-5,42.57819500634439,19.71436960254641,-52.78671929519096,87,92,189
61,8,-4,2,83.90601780449435,-38.92628612243393,16.035143361400372,131,229,177
62,6,3,4,64.49403645484186,29.080900920601284,38.33644564417078,217,135,89
63,9,1,0,92.23355761389098,10.051867585686324,3.215717252101835,254,226,227
64,6,-3,1,60.44564704100179,-32.2626322152792,9.80539177207662,80,161,127
65,6,4,6,57.7110028255696,42.03268643987879,57.84454103129595,217,105,33
66,5,7,6,53.69403626177756,69.39817290719213,64.54056632105846,239,52,11
67,8,-1,5,78.22071536495922,-6.920619007747375,45.554479359625645,202,196,106
68,5,0,1,54.6107031673603,2.1303349716885744,10.843681625836757,140,129,112
69,3,5,2,28.85846209515,50.44692668358972,17.937309691383263,136,7,44
70,4,-4,4,42.60362485864479,-42.65151193807137,42.70059970859639,16,117,14
71,9,0,2,88.64907348136799,4.072968310634806,23.42419505429052,243,219,178
72,3,7,-10,34.641165641476086,65.20750189425223,-100.63690024695812,80,26,250
73,8,-8,8,84.15811460132421,-75.87603511394624,76.95440685742531,13,243,15
74,1,4,-6,13.794821040726458,41.29260215497904,-59.81501968500474,40,1,123
75,10,-1,3,96.26720947269447,-13.133057616561638,28.947507220793263,235,251,187
76,2,1,3,21.501880072473355,9.148673289687242,26.31739671981001,71,46,10
77,5,5,-1,51.2487090495093,49.09397047980735,-11.76002329023813,191,83,144
78,7,2,-1,73.90759424004051,17.437242436368074,-13.507500893717705,205,171,207
79,3,-2,3,27.25753048875872,-17.183482724094674,32.23906713879786,48,71,6
80,6,2,7,64.9153953315368,23.444625196140542,68.25108145067458,215,140,11
81,6,-2,-3,61.13844361690532,-24.040110018460517,-28.397698154633662,40,161,197
82,7,-5,2,70.23252360059834,-48.10095207125492,15.598529843487109,53,194,141
83,6,-2,3,61.66753145532914,-19.37475861587512,31.96756045856344,129,158,90
84,3,4,1,26.072034227005982,40.15940651254654,7.165942250232538,115,26,53
85,3,5,3,26.007409792933032,46.943237430588816,27.17632988034439,125,6,24
86,2,5,-7,19.01227448031517,46.65248357837781,-71.77668662620466,44,8,156
87,5,5,4,45.87048855220432,50.98827205577572,40.42722866004128,190,63,44
88,8,-5,5,81.0242063794705,-46.299961547909554,53.68876605974104,130,223,92
89,4,3,-8,43.98229739320923,28.114641779981078,-83.07419963087708,36,93,246
90,4,2,-3,39.78180708445976,15.287520307662756,-25.69646034716574,102,86,136
91,7,-6,7,72.04075968217077,-58.67768978804144,66.19201612217624,69,202,24
92,9,-2,1,91.21305410353038,-23.9616280449802,9.71988086983484,185,243,210
93,8,-3,-1,77.8126802342399,-26.215059066877487,-13.862431636863692,117,207,217
94,5,8,-3,49.64400348090868,77.19139782779737,-30.296689651724986,216,15,172
95,5,-3,-2,50.61562015363387,-27.500051758071297,-15.503080930767709,15,134,146
96,3,4,-5,33.87587159405619,43.818600670691545,-47.00880168170129,115,48,156
97,3,5,-9,33.07920740921484,45.22545393311256,-89.74896748524502,37,53,226
98,8,1,3,76.52720352800266,12.014671427895696,29.848127797182972,224,180,134
99,3,-2,2,29.50632418719396,-16.156664203719252,22.21003800462181,52,76,33
100,8,-3,-3,76.54226009474672,-32.084843859790325,-30.40056948007612,44,207,244
101,7,-1,6,71.12431774652177,-13.58014676595709,59.30443074916632,174,180,55
102,8,-6,2,76.21863281355378,-56.53824078496928,21.57240985162265,32,214,145
103,4,5,-7,38.25042478437017,46.828166002384094,-73.58261620256516,102,60,213
104,9,1,5,88.06886117253947,6.52690180359744,49.47549623157423,255,215,125
105,6,6,1,61.13656781721852,61.32093706298469,5.585271724434793,243,93,141
106,8,-2,-1,82.09128803293278,-18.70913865922813,-7.814622093854817,157,215,218
107,5,0,-6,49.40295755039693,4.592135523184771,-62.54202568843519,18,119,225
108,2,2,-3,17.380961072474683,21.563961013399386,-28.93734602801713,55,31,85
109,4,6,-4,42.284873594173824,62.083667877822215,-43.77681477248237,167,40,174
110,7,1,-4,71.74343218397235,14.623514708949958,-42.608784299164284,169,169,254
111,7,-3,-2,71.22021823733577,-33.479397254212564,-15.838080402432,64,192,202
112,8,0,4,75.70944033702771,1.9874719089363333,38.737754934641686,208,184,114
113,5,1,-7,51.88386657907634,12.160680296896654,-74.66695057673954,12,122,254
114,9,-8,7,85.84708117002054,-75.71198458750867,72.44742430511731,24,248,49
115,7,-4,5,69.46410340163234,-35.377864414733786,46.821489565148426,122,186,78
116,2,3,2,15.779670223860698,31.683617990218988,17.499820616397727,80,11,16
117,2,3,-5,24.81337006260589,31.777275639914503,-52.25316824878681,65,41,140
118,7,4,6,71.26651126837774,36.62769722907689,59.320199872268056,252,146,64
119,4,3,-2,37.46576727206049,29.61211595351773,-18.610746164900718,123,69,119
120,4,6,-6,35.684572666186035,57.22536415447546,-60.10665082444543,129,33,183
121,4,3,-4,35.896978746191124,32.81454884373788,-37.7589225872439,111,64,146
122,7,0,4,67.01321800309749,4.569279460915288,40.33938474285335,188,159,89
123,10,-2,9,95.92445766165424,-22.588647855245505,87.46893894364085,236,254,37
124,6,5,5,59.08968656114297,52.53216975913338,49.729400881327045,234,97,57
125,6,7,-4,62.68972499534382,67.80932115243455,-37.26966137571242,239,92,220
126,6,-5,6,56.56160805642829,-46.62122369008309,56.651992995117205,59,155,3
127,6,8,-6,61.09722777320697,76.66810207642865,-58.72432417339937,234,75,254
128,5,7,-8,46.83826579915552,70.84265353593494,-82.36472972677191,161,46,254
129,8,-2,4,80.9930157266908,-24.16656817642282,42.52449913584309,176,213,118
130,2,5,-9,21.27766133116711,51.67645235810547,-86.14514396305042,17,10,186
131,3,2,-6,31.8492714116513,19.39179603278518,-60.31749408444704,35,68,172
132,7,-4,4,69.46383268883166,-37.37947171186018,38.70674584075555,113,187,95
133,8,-1,6,75.9030361636191,-13.545419975913632,61.02207992574191,188,193,64
134,9,1,2,89.53797166491064,6.81258704378579,15.920629414523702,247,220,195
135,5,3,-4,53.7581163391922,25.68621932323456,-39.288018941260816,145,114,197
136,7,-3,7,66.29622944177154,-30.612894393212684,65.5887057245338,130,175,5
137,6,0,6,55.95734954790972,4.500858258317974,56.4187294755399,160,130,21
138,4,5,-3,38.92065698472928,48.16053890070896,-30.754686190207547,146,53,143
139,6,0,0,59.57811096683638,-2.855730012966129,1.3299131011473175,139,145,141
140,8,2,7,76.5368435015068,15.150127442378649,67.3073511632291,238,177,54
141,4,5,-9,37.43929472482228,45.62334486956521,-94.96428719727824,37,64,248
142,3,1,-1,25.86970449719928,13.547963036488088,-10.153566222484866,76,54,77
143,6,-6,5,63.82416020248425,-58.36189896477323,48.10828384571629,2,179,58
144,5,-2,5,51.77645879090913,-17.544555759473447,48.74716185325184,112,131,28
145,5,1,4,45.55658815838456,11.420208687747902,37.12028200237258,138,100,44
146,6,-3,-2,59.66454422645579,-32.58386937621527,-15.584607643585269,16,160,170
147,3,4,-8,25.791672821797512,43.65150185806693,-82.15827371344604,25,36,192
148,8,-4,-1,80.76489432997691,-38.64363158102002,-12.83614438805416,79,221,223
149,6,-3,2,64.46370458795685,-28.414375175498275,17.21832158013623,108,170,124
150,5,6,2,48.9824343475234,64.77067623601052,23.74416711760924,214,48,81
151,6,9,-4,56.43377417291285,86.2560534826251,-43.0095523453011,243,16,213
152,5,8,-7,51.77929704463058,76.51719731312929,-72.3927783639817,195,46,251
153,3,5,4,29.66766050065047,50.18317297127495,37.72320548621523,140,11,14
154,9,-5,2,85.4710631060588,-52.25319684173901,24.074014261282706,99,239,165
155,3,1,-4,32.82134510710474,5.248237647833082,-43.113435684373535,36,77,146
156,8,3,-2,76.30376956211833,32.78565046636434,-17.14136127881034,236,166,221
157,8,-4,0,81.79042958332464,-40.0156532840309,-0.1814729593716757,101,224,202
158,5,6,0,53.708474581523575,59.8638366123817,0.7518743581317988,217,74,130
159,3,4,-7,33.23312096845646,42.10530766437909,-66.74277495703105,88,52,187
160,6,1,-3,61.42540067492018,8.481398794583871,-33.06979318796366,138,145,207
161,4,1,-1,43.64505392633519,5.039517788407776,-14.970521346932577,102,101,128
162,7,-2,-3,67.99065948878622,-20.836833860730763,-27.718566387275523,83,178,215
163,6,-5,3,61.98265345077572,-51.99488584312723,33.32761307423291,27,172,86
164,4,1,-3,36.19687379709674,5.626472098695102,-34.60702024385678,64,84,141
165,7,-6,5,72.15288593314267,-60.17737595881795,54.66550903154591,52,203,64
166,1,3,-2,11.04522812635473,25.344235184053627,-18.939237659894303,52,12,56
167,5,-2,-1,54.57849479325745,-22.579154386509423,-8.26032462479045,72,142,144
168,5,-5,2,52.08813014618157,-45.07624335027566,22.93166533402311,3,143,82
169,5,-1,-5,54.63922077353527,-11.042302207830868,-45.78815198284247,21,139,210
170,7,2,-4,70.3493103335651,17.417536764523067,-37.68554883563211,176,163,241
171,6,-2,4,56.09163620985616,-19.20852235192727,43.81726085218431,119,143,52
172,8,1,5,76.95404081775317,12.836942479187318,53.08174643258947,233,180,89
173,3,4,-2,31.4587377478764,43.08776412263371,-20.91789039916152,124,39,108
174,3,3,-5,34.714302260435815,28.431386941053184,-45.846997347549525,93,66,156
175,6,-1,5,63.565110487053616,-9.990823238924197,50.0996995526398,157,158,58
176,3,2,-1,33.693825020427155,21.49892834741132,-6.349702858392758,108,66,90
177,4,1,-5,44.21266951715046,7.986307957167538,-48.52035252173388,68,103,186
178,6,6,-6,57.70665241891035,58.97032079640774,-63.44688688821072,192,94,252
179,7,3,2,66.3335965247492,31.81052354457153,24.60173575919198,223,138,119
180,8,2,-2,80.98298285703895,22.326273719247723,-17.748892996392286,231,187,235
181,7,-1,0,73.98086886797834,-10.53764473890445,-4.704258169491804,157,188,190
182,9,-1,6,93.6632756731498,-10.320702649058656,62.84513698288361,246,241,109
183,7,-3,-3,70.71329429106417,-30.37744175778184,-30.752440771323958,20,190,228
184,1,2,-3,7.627812583316974,20.04757337511536,-28.97103155411284,30,12,62
185,5,5,6,50.01444539104669,53.79825002365979,60.78516704366018,208,70,3
186,8,-7,5,81.30278095600895,-67.4774120446408,53.61777908084533,43,232,91
187,3,2,-5,26.87484530921633,19.64612596001517,-54.549949619356106,36,56,149
188,6,0,-5,56.18636622647188,-0.1975016370580617,-53.30992967360826,65,138,228
189,5,4,-7,53.18328700077328,41.436681335966064,-66.63522097517584,144,102,244
190,8,-6,4,83.6117762080828,-64.39653174367993,35.793696994100486,43,238,136
191,3,3,4,28.19138425269854,25.986905460572725,37.53164961846716,109,48,4
192,6,-2,-4,61.01367008596503,-18.69952125888569,-40.815399890207125,16,159,219
193,8,-2,0,77.64693148968547,-16.140647154822496,-2.610130731187499,156,201,196
194,9,-4,6,87.13346252903024,-38.44628316694604,58.55108673867455,169,237,98
195,4,7,4,43.04812126352218,67.54892464746304,43.11533434707726,201,4,36
196,5,-4,1,54.09256722021868,-39.82863834318007,5.638437594173862,7,147,118
197,5,8,-6,52.67136149544521,77.87642812723445,-64.70630576689477,206,43,240
198,4,2,-7,40.43275718666271,15.916791722291656,-67.3905354485598,23,91,208
199,4,6,4,41.85544285655184,62.37091411946872,39.96310277239941,191,25,38
200,7,1,2,69.89616821057876,14.152383959707194,20.13226260777725,205,161,135
201,8,-2,2,78.00936147126122,-19.6064246566377,18.708290526193384,165,203,157
202,9,-6,2,88.71688915793374,-55.8723069685696,23.372273295540367,93,250,175
203,10,-2,7,95.25253995322709,-16.665791420017506,73.87175773195767,242,249,85
204,6,0,3,55.59633060626825,-4.930509110222081,26.122043337257715,137,135,87
205,6,-1,-4,62.438475266112434,-5.46237489609952,-37.83445596288038,100,156,218
206,8,-6,5,82.74472770567866,-61.2968984775833,50.31866877559084,82,234,103
207,7,5,3,68.06986262907823,46.27744115345317,29.344218441364767,250,129,116
208,5,7,-2,47.74128205334,73.45600939782409,-21.460174173434776,209,20,152
209,5,4,4,50.17702878038944,44.497521890859424,39.77585983610889,195,83,54
210,4,6,0,38.8844305112636,61.54950875189902,-2.2235251406656054,174,18,98
211,6,7,-6,61.93332792915139,70.03688360736416,-56.36373272498307,228,89,252
212,8,-1,-1,75.77828420264134,-6.717906715850042,-8.454643467501533,167,191,202
213,4,7,-9,37.77260093889684,72.05872179149611,-91.32465208681356,124,2,243
214,6,3,3,55.6851845868826,34.016352163033616,34.647580579156234,197,108,75
215,5,-2,2,50.60703565376491,-18.485962080858062,18.35849686769769,96,129,88
216,5,-2,-3,50.32628542018611,-17.599445155702497,-32.10078145165429,17,130,174
217,7,4,0,68.15094603358037,40.58114671407032,2.8340282422448126,234,136,163
218,6,8,-4,57.44637432862676,75.66452039188626,-39.87220372964031,233,61,210
219,7,3,-4,72.56848637494102,33.06520423668624,-36.08915978967431,213,157,245
220,8,-3,6,84.41800998175144,-29.42037642596096,55.78316824471792,180,225,98
221,9,-3,2,91.8374352453107,-33.15097154906754,22.19297239010656,174,249,187
222,5,8,0,53.06591766194724,79.5971885569095,-0.1191771384808859,240,15,131
223,3,5,1,33.40146931607385,49.44938536387661,11.754572652815598,147,30,63
224,3,-3,1,34.058303069309275,-29.73012481242809,8.110702872477571,5,92,66
225,9,-7,5,88.63535343623496,-68.5181445768085,52.22472789021209,69,254,114
226,4,7,-5,40.140074613547576,68.89096692053978,-54.9247456602476,163,8,187
227,4,6,-3,39.57784982454193,64.53662661502008,-31.80482268921514,169,17,147
228,8,-7,7,83.62227106218833,-74.51153254618804,72.57191814709171,20,241,40
229,4,5,-5,37.20455101167609,47.11867868990213,-45.7439923697952,130,52,163
230,5,5,3,47.65547570467941,50.597253710699455,26.512861917771712,193,69,72
231,5,-4,3,52.59519043597943,-35.983986861247985,30.23880025814881,66,141,70
232,5,8,6,51.92018602378237,77.62707772152211,64.21537757231182,243,5,12
233,8,-4,1,82.303263904912,-42.37959923125112,13.68284699217426,113,226,177
234,8,-5,7,78.95952190177341,-54.25695031607908,74.42751581541259,111,220,8
235,9,-2,8,85.49195149785137,-20.25081153113223,81.07309392076462,208,223,20
236,6,1,-1,61.95945382180194,9.739946431952973,-5.059847611947888,164,144,159
237,8,2,-1,80.56958195720328,18.85993420978044,-10.915472920794931,228,188,221
238,8,-4,5,80.00371434387341,-38.73435654139623,45.050412963288,142,217,109
239,6,-1,6,62.94713019188097,-9.55026044087287,59.25778157720018,158,156,31
240,4,7,-1,42.03757595589427,68.61320484166549,-12.240961160125783,189,1,122
241,9,-4,2,88.36216379638071,-37.19986457192481,17.714903192603447,150,241,186
242,5,7,-4,52.994730055445245,65.05836681563054,-40.96784457808256,204,68,199
243,7,-5,0,73.69755033968515,-47.04697237876343,-3.1233628281389647,1,204,185
244,9,-1,0,94.65784018242933,-12.150220318869254,-2.5583283215694586,212,247,244
245,6,4,-5,55.93129939244648,37.30419667643592,-50.97237233208693,161,111,224
246,3,-3,2,34.252113150224616,-32.07482251150209,17.92887382945786,13,93,50
247,3,6,-10,28.94993486804119,64.32074208569402,-100.58249323582294,53,4,233
248,4,-3,5,42.24264248159304,-30.4297370368265,45.78866025525568,61,112,2
249,8,2,3,76.66658022365915,16.754005595220722,32.86384496688362,233,177,129
250,5,-4,4,50.55269205184901,-40.46746413589417,43.80493150221185,55,137,35
251,7,-4,3,69.552657976178,-43.94388540704192,34.62594473362797,92,190,103
252,4,6,-1,42.425165572019246,62.24434740126916,-13.066075257007004,182,34,124
253,6,2,5,63.11007453690051,21.66235723467513,46.88203447980834,204,137,68
254,5,-3,3,47.24097368297994,-25.319877165442595,29.67559474252908,79,123,59
255,2,5,-5,21.298709862463824,46.79366873238705,-49.07507772724089,84,4,126
256,8,1,-3,75.66831869578327,5.333714692189407,-33.87101608543408,169,185,249
257,9,-7,6,87.22473691920925,-74.9311744391547,60.02267038732361,7,252,91
258,4,5,3,37.531360035964674,49.35827639043125,32.15621124521044,162,42,40
259,7,6,-4,69.5381279383148,57.99267012909648,-41.5334313916385,242,125,247
260,7,-2,2,74.02730160441249,-19.66251211082487,18.422281080919323,154,192,147
261,2,5,-6,22.51403583966441,47.30794482769096,-63.39508698289551,72,14,152
262,6,1,7,62.26084030285397,6.323071855289131,65.70050159395015,182,145,1
263,4,-3,4,42.84833012611299,-28.849533619728724,41.92688078082371,65,113,20
264,7,5,-1,72.27995904448244,45.62721851763257,-8.685034217826804,249,143,195
265,9,-1,8,94.79406868938356,-13.992418067933944,84.7884825835673,248,246,48
266,4,7,-3,40.26028113775969,66.9628111327449,-27.565995338252936,176,5,142
267,5,8,-8,45.90909720254027,78.61911387291137,-76.48040394045556,177,4,241
268,5,-1,-3,47.77213995516822,-8.071581005873075,-30.1647753583276,64,119,164
269,8,0,2,76.8008806615928,-3.8687219968392417,21.186413437971584,194,191,150
270,4,4,-9,36.97423045403693,43.372490862487815,-88.95654931090496,52,64,236
271,3,7,-9,34.962547633538215,67.28622321737127,-94.96772967879404,99,16,241
272,9,-4,0,87.39827815579157,-41.83523465599015,-0.9168533379595224,110,241,219
273,9,-4,8,87.77908329962601,-37.22815842563937,77.3479065052536,180,238,45
274,9,0,7,88.74787419980329,-3.815158025695376,71.68217241166461,245,223,74
275,8,-1,0,76.76395835095252,-7.952703054631138,0.5812524449158696,174,194,188
276,5,1,3,51.25199752425233,10.135897313165056,33.61654988330738,151,115,64
277,8,-2,-2,78.57131688039122,-22.96785873300517,-22.849465822455684,116,208,236
278,5,3,-8,46.20858526419981,30.103375312933,-84.40872578368344,53,97,255
279,3,6,-7,34.078631956747344,55.26644663708424,-66.37085020169768,115,34,189
280,5,-5,3,51.71600189732041,-45.32870498993652,27.26815840828856,14,142,73
281,5,7,-6,54.17728198860996,69.40499617254736,-64.04786821366744,198,68,243
282,8,-2,5,75.80086522557859,-23.32848237341323,46.61444032912429,165,198,96
283,4,7,-8,38.809629886492814,68.46988085543667,-80.48181205594166,135,20,227
284,3,-1,1,34.813180320249444,-11.466276530524954,7.759828528464241,66,87,69
285,3,4,4,32.456419279551504,38.80765257063087,43.64254397552966,136,44,3
286,5,5,-4,47.24354255687202,49.83417125259781,-38.30580998573543,167,74,178
287,6,2,-5,61.12436978344262,23.239466599588145,-54.52248658908838,144,136,245
288,3,-3,3,27.67516386365972,-32.88977738884638,33.290650067883234,2,77,2
289,7,-1,2,65.3045168379932,-13.26426854873769,20.45293858462287,145,165,121
290,9,-1,2,94.289707062255,-13.851348928986765,20.05738958847017,223,246,199
291,5,8,1,52.01934091427093,78.48360494366197,6.776870469450635,237,11,117
292,8,-6,1,78.63715602168449,-56.05679363189358,13.96064893776896,20,221,166
293,4,6,1,37.14691877151342,60.81938974817888,11.306209634116282,171,7,73
294,4,6,-7,35.572898004926714,64.2362298665611,-69.08505857020263,131,14,198
295,5,2,3,46.69183014744739,20.10803811840356,27.08499992504002,151,97,66
296,7,-4,-2,73.52352532471022,-39.472394261403146,-16.254450629323692,26,201,209
297,7,-2,1,69.15778527223632,-24.16483343428538,12.49143051181838,127,181,145
298,8,-4,8,83.80512916654969,-38.11574003982915,79.0253193146167,167,227,14
299,5,4,-6,50.304052866957576,43.74548666851125,-63.44311671772429,144,92,230
300,5,7,3,49.24046643573001,72.33359528786914,30.723177304289827,225,24,71
301,5,2,-7,45.78865113406764,22.7721097035688,-73.93537832136377,58,100,235
302,8,-3,-4,75.5686007049515,-30.830622003609086,-35.64750329256512,8,204,251
303,2,4,-6,23.299306452979685,36.14282112313866,-59.09096264672119,59,34,147
304,9,-3,6,85.51412857020597,-25.329353431369604,60.241209739585976,193,226,91
305,7,4,-3,68.29192307446243,35.46208264312212,-29.028834573691675,210,143,220
306,6,2,6,58.613491342493845,23.14043039941988,62.71108487774208,195,124,11
307,6,9,-6,55.80348443567337,87.12281524490135,-62.20320586041841,231,17,245
308,2,-2,2,20.32637003515945,-19.11481976927637,17.767018557704915,23,56,21
309,7,1,6,65.6321889863979,9.17508567443076,64.83356246785794,196,152,25
310,7,0,0,67.04120165089117,1.6998021840196054,2.8981932798686216,168,162,158
311,6,5,6,57.57405724823083,53.00682932665413,61.41493318093363,231,92,26
312,2,0,-3,16.558618542770255,0.5477638205144131,-25.787308631433135,13,42,78
313,5,2,-6,49.79691550159734,21.240558066815183,-57.17438136298536,104,109,217
314,8,1,-2,77.48889326690112,11.416074624406914,-16.328206816922354,202,185,222
315,7,6,-1,65.34415497379175,64.53172549563834,-12.693991563488847,254,102,184
316,6,3,1,60.483768133027965,32.233673519368175,7.0893504109164285,201,123,135
317,6,8,-3,57.20357298587503,84.90257825591834,-26.75646942647716,251,24,187
318,4,1,-6,40.810719078397135,7.211460671661063,-56.97571722194308,24,96,191
319,7,4,3,70.23614927045587,36.48409917158391,34.58655119544345,244,144,111
320,8,-2,3,79.4392306925145,-18.2429829233568,28.07098155129153,177,206,143
321,10,-2,6,96.51376388998273,-16.7802827333981,58.48611617964367,241,253,126
322,0,1,-1,1.855308889939721,5.193243515703494,-6.512296335013634,14,3,20
323,4,1,-2,37.17309981518201,6.123306868485195,-18.900100702178847,85,85,118
324,6,-4,5,63.7979595443868,-36.92229842560252,54.32077318647315,106,171,44
325,7,-5,3,70.7146180964896,-45.52867140289746,28.96081216118709,85,194,117
326,1,1,1,8.7026868881135,10.373952053060464,12.000833734339633,41,19,3
327,2,3,-1,23.84823971459047,31.290644565157844,-7.501503217669015,95,34,69
328,6,4,1,64.14441325089639,44.4782204067955,12.345329485596368,231,121,136
329,6,3,6,61.0313680684083,28.56682561696544,56.591073539678106,209,126,42
330,8,-2,7,75.02475071488774,-22.29313182866083,67.2174397279327,171,195,41
331,5,-5,5,50.20517171524936,-49.47434303947959,46.727025124934286,4,139,24
332,5,0,-1,51.64704244282507,4.81850703070652,-14.532413351202145,122,121,148
333,5,6,-3,47.66846970222027,59.78975288044275,-33.877773060785344,185,60,172
334,2,5,-8,20.770654180050016,51.44628363997364,-82.19639022689353,34,6,178
335,7,-1,7,68.75717446229275,-8.907252173243506,67.91055033841961,177,171,16
336,7,1,0,71.841216411772,12.536370609256275,2.5263543479765893,200,168,172
337,6,7,5,55.50536766941707,74.96505541736659,54.29351523507155,251,44,44
338,6,-2,5,55.4049016990477,-16.920115717669603,54.77079165024092,124,140,19
339,7,2,7,74.78603288713273,22.295272349839745,71.80603390744913,244,167,36
340,5,-2,-2,45.53841883251015,-15.362686291203936,-16.605628022718566,58,116,135
341,8,2,4,79.00068738294654,18.27321373360369,42.25597511833921,245,182,117
342,6,8,-2,55.30766899105352,84.51791060236735,-20.410642837370084,247,3,171
343,3,-4,4,34.57296868934121,-36.93191156505546,36.07974303332144,9,95,12
344,7,3,1,67.13909267533141,25.19614262376724,10.98075137803498,211,146,145
345,6,5,0,58.01067210416701,49.46424094259872,-1.903313595323186,215,100,145
346,5,7,1,54.579807972398754,73.62565789619474,6.8186212385685785,239,48,123
347,3,3,-7,27.11309510382946,28.67470276712369,-70.5057268268662,6,52,176
348,7,-6,3,73.56369019329799,-58.993313804165226,33.32067878477574,28,207,115
349,3,1,-5,31.115059088437583,10.800053152156735,-53.76462188643902,12,71,159
350,9,0,-1,89.65144593279865,-0.3494078551132262,-9.281152183125418,218,226,243
351,5,6,6,46.26710941200078,56.37972389984763,55.89692264814655,199,55,11
352,9,-5,1,88.06727459607417,-54.35278844138553,7.096053382941903,66,248,205
353,4,6,-10,36.36112279256263,63.37266254436896,-100.01022693498504,83,36,254
354,8,-3,8,80.11085905618175,-28.363197388584783,76.85080389114948,176,212,11
355,4,0,4,43.070145389711335,-2.521252027536613,40.396063360371656,112,102,29
356,6,4,7,60.56922719860293,36.19746649339783,66.6857881959036,219,118,6
357,4,4,3,37.17310013063195,35.4972518523094,34.58710067266355,145,60,33
358,6,-4,4,56.123570680448566,-40.64167914524114,35.4363947054327,65,152,68
359,7,-4,6,74.68667148122661,-44.15894086564748,60.96345470613419,121,204,56
360,8,2,1,75.56906541296709,16.668961660484594,7.604474121669735,220,175,173
361,2,4,-2,21.40281693643935,37.85788134569884,-16.679471588901617,93,19,77
362,3,7,-11,31.082431316722804,68.55732416383897,-107.76137843159074,52,1,252
363,6,-2,-2,55.05566627692116,-23.11083353297044,-19.63286297501503,50,144,165
364,1,3,-5,13.212089761962186,26.772392237472825,-47.84619676680081,29,20,103
365,4,5,4,36.829861719000505,51.74885403663495,35.62566843713556,163,35,33
366,7,0,3,65.14281982777771,1.8061190006492531,29.41025871690237,175,156,105
367,7,3,6,69.1056986064639,26.135182757627607,63.33773823502899,231,149,46
368,4,8,-8,42.48035550568106,75.70526614386009,-83.38107983632624,155,4,243
369,5,1,-1,46.1152203658726,13.230407954066992,-14.000217627841828,123,102,133
370,8,-7,8,82.78896282329157,-73.03111926408418,75.37942967108961,38,238,20
371,6,-6,6,63.05728363395899,-59.27700346978332,60.865180016236,17,177,7
372,9,-1,3,94.6151336328804,-9.596288276958854,34.81915593094087,240,244,171
373,4,-1,1,39.31337125004785,-14.248624295015889,10.997966810883852,73,99,74
374,10,0,0,96.84604890913876,-3.534173234585269,1.921860310804813,240,248,242
375,8,1,0,80.70330733072143,11.63216411140766,-3.335936653568594,220,193,207
376,5,-4,5,50.34233682293137,-36.51278923949558,47.79839766046005,68,135,23
377,9,-3,0,93.45741501744736,-32.05968947473053,-0.1098865915327262,161,254,235
378,6,5,2,60.82041181074128,47.26058708362962,16.212112093657293,226,109,121
379,7,-7,7,74.83404134276537,-67.40421253229955,67.47211800226354,27,213,28
380,7,1,7,72.52541218338673,9.453908669034115,72.93419197327398,218,170,15
381,9,-4,5,92.97807762158637,-38.2783396200167,51.86788603226555,183,254,129
382,6,8,-1,55.53058628177672,83.22239730436259,-14.760913529624364,248,16,162
383,8,-2,6,79.48610708703188,-19.48154055629875,63.394667310062246,188,206,67
384,7,5,-3,66.65582122388508,50.52368263460283,-26.266822001005583,231,124,211
385,8,-5,-1,79.9894437138428,-46.95623802393028,-5.621491998134909,42,222,207
386,5,8,5,53.86052058867087,80.29978292105011,54.079487232167104,252,2,42
387,4,-2,1,44.037615854945685,-19.29310685434909,6.198304688388523,70,113,93
388,5,0,-5,49.77339794931882,-2.5482095975089547,-54.06878040249259,12,123,211
389,6,5,7,58.20708350621217,54.29006939162795,65.93592677231422,235,92,12
390,5,-1,5,53.23721759100171,-7.86764727146555,53.16404820874687,133,130,20
391,3,5,-2,25.84592311591897,45.86359566084239,-19.43542521766224,113,16,92
392,4,3,-1,39.69778539605074,29.15634862482816,-6.400021232900455,134,74,105
393,6,5,4,61.23986099708834,51.71356453724169,44.56953375476023,239,104,72
394,6,-3,-1,55.36657875575881,-29.09897817460677,-12.93631879155701,37,147,154
395,6,2,2,59.56745881763538,23.56947946806465,23.185342106851397,191,127,104
396,4,7,-4,43.719053822815376,72.18694346608228,-40.04126205956338,187,4,172
397,5,5,2,48.69969207805092,52.12579442136578,20.82131612489083,197,70,84
398,7,-2,3,67.61980002782286,-21.306299826099607,28.188038550195248,139,175,112
399,7,-3,1,71.20252017244734,-26.795731999414706,7.7429276943763,122,188,159
400,7,3,4,72.88689437023967,27.975287492235324,44.976252773171545,242,158,97
401,9,-6,8,88.06877345542324,-58.4718669696942,81.15229132620553,129,248,16
402,6,-2,6,60.89991511942095,-18.27648153556521,57.53427428055444,137,155,28
403,3,6,-9,29.880189303106988,61.56416802750986,-89.21045780196475,80,11,216
404,3,6,-4,34.44771330658306,59.67089819836357,-35.95093624922994,146,11,140
405,3,1,1,34.90622034756648,6.760731354793298,10.2927886179627,97,78,66
406,8,-3,1,79.16578276218907,-32.97174956033294,9.943352618223988,129,213,176
407,5,3,-2,52.24770784147111,32.5309677798275,-18.309737402023284,167,103,157
408,4,2,4,41.38555277350854,22.381098434676694,44.53354966962733,142,82,19
409,4,0,-3,35.18018684468288,-1.1202064528822164,-32.64645918190998,46,85,135
410,10,-1,8,95.68828967020816,-14.537016411130976,76.93537589236159,248,249,78
411,6,0,5,56.09853371337205,-1.595611577681011,49.47035598587639,150,134,41
412,6,1,-4,61.46322082170062,8.241883251567161,-43.64029487970973,125,146,226
413,4,4,-7,36.31692134859028,36.59693315257589,-71.67322665759848,76,66,204
414,8,-6,3,75.39963121860787,-55.66902257393092,34.786441427668045,64,211,117
415,9,-1,1,94.7834642468975,-11.027530280978858,14.688280404507204,227,246,211
416,8,0,8,79.72015728558473,-0.883054033548103,78.25987306762644,224,196,15
417,7,-4,-1,71.71789065925326,-39.86452730240819,-14.097661908691794,21,196,200
418,8,0,-2,77.21831970844133,4.823066246953611,-24.989048433687167,181,189,237
419,8,2,8,76.83172019501268,21.53891039779437,78.10403811280625,250,173,13
420,6,4,2,59.18521490339849,44.06322529337508,17.181297144715614,217,108,115
421,8,-2,1,75.03989763617983,-23.898610702119573,14.927125010078491,145,197,156
422,8,-5,0,84.02343085207791,-53.23524280096387,-0.3220759951594987,20,236,208
423,7,1,-3,74.15512886229773,10.742949107212796,-26.92420663048973,183,177,232
424,4,4,-1,38.71574534496115,41.70874893987956,-11.351661573641591,146,59,111
425,6,6,7,57.77708794373677,58.46997404618198,67.51770702988455,239,85,5
426,9,-6,5,88.2564142680639,-58.56174189853913,53.88502077202703,114,249,110
427,6,-4,3,58.095816934239,-42.14225398899857,28.164954175010585,59,158,87
428,6,7,-3,55.12296311727697,70.02592654698175,-25.795108655090004,225,63,179
429,9,-5,3,87.11243291656073,-46.200317253769605,32.01653618806526,133,241,154
430,5,2,-5,52.76689954505983,16.194998436177,-47.8770868967989,114,119,209
431,9,-2,3,90.78299196945218,-18.359413208609062,33.318331321924965,211,238,163
432,7,-2,-1,70.58561101881449,-17.9205444753755,-14.892871131763584,120,183,199
433,7,-2,-4,68.41740860408667,-18.65398121971429,-42.35712816225057,53,179,243
434,5,-1,-1,51.5409650351089,-13.27938913622212,-9.769925853858808,88,130,139
435,2,2,-6,23.27668630451697,23.892506397972102,-61.102624495914256,11,46,150
436,2,-2,1,21.77984032251259,-15.08366995643834,13.617366634156092,33,58,31
437,7,-5,1,67.00223508416718,-47.46398732975732,6.706762364976093,5,185,149
438,2,4,-4,19.757769962545808,37.2371306365902,-41.42473365535727,73,20,110
439,6,5,-1,63.95827549569003,48.04141370989423,-8.4445293632875,228,118,172
440,8,0,0,82.30941155662116,1.205735178132994,-0.1138110896248711,207,204,205
441,5,3,6,49.059627060491934,31.52621886059065,56.01045222385653,177,93,7
442,5,3,0,49.50400895422472,34.62767148038104,0.7410734144045472,171,93,118
443,4,4,2,40.671350707392776,43.57397350018341,16.905308184450362,162,60,71
444,7,-3,3,70.08309007256132,-30.767017539005455,32.182496044110565,127,186,110
445,8,-6,8,83.69111953342677,-55.20184647341364,75.46933273642486,123,234,31
446,5,3,-6,51.14795326399319,31.86683705061005,-63.907171050391455,122,105,233
447,5,6,-4,53.151416792988186,63.257397119013234,-37.27347183888063,204,71,193
448,4,6,-8,41.79700339386324,61.15132148947039,-84.691289006487,125,51,243
449,4,-2,-3,44.87211599355285,-15.798733767520556,-25.97394481963995,33,115,149
450,4,3,-3,35.80815466521654,30.735124906768966,-30.551027210935043,113,65,134
451,4,0,-5,40.30143790140461,3.389069067268741,-47.25745736858511,42,96,173
452,7,4,-1,73.13155830993114,39.61602384197965,-9.203359774674391,242,151,198
453,5,-3,5,48.42284641555133,-31.16055166443449,50.94144436072169,77,128,2
454,5,4,-8,45.8943702432074,36.793014410606006,-79.82188486464278,90,90,246
455,5,5,0,46.74737550337424,45.121161896557794,-0.0773753799680143,177,75,113
456,6,1,3,59.482795692393694,11.554466301933688,34.11120441103903,176,135,83
457,6,-3,3,57.21490331772891,-27.617395855238648,25.86293857983726,97,150,90
458,8,-3,4,79.13977400344888,-32.59361340010947,35.37398759946535,149,212,127
459,8,-1,1,81.05916320210063,-12.68007173988761,14.226014077687887,185,208,174
460,8,2,5,77.1812789816327,23.339954263270624,53.97511375899822,250,173,89
461,6,3,-3,57.92438487574815,29.71918135689616,-33.72161453277649,168,121,199
462,7,4,7,65.09706888081783,40.25633560544794,71.3242151727159,239,126,4
463,5,-5,4,47.90576267355497,-46.13557760650089,36.107571850981145,2,132,46
464,7,-5,5,67.38448285272783,-50.15917533225272,52.676484613005925,78,186,57
465,5,6,-1,52.17545568733934,64.95219853486518,-5.648933941475454,217,61,137
466,6,4,-1,56.299259218663096,39.87686950750447,-8.318450477452167,194,106,151
467,4,2,-8,40.45547995412702,22.237483898837173,-76.49513970700315,2,88,224
468,4,-2,3,37.9420912422691,-21.12832070427609,32.42220875282021,66,98,32
469,5,8,4,53.35319838864199,79.36189156768746,41.05823276875654,248,8,64
470,5,4,5,50.68993678391553,42.73790348304524,54.8246707856635,196,86,22
471,5,1,2,49.01494039238783,5.086436325716315,15.15633225789662,132,113,91
472,7,-2,6,67.27866253258473,-20.296741971754734,58.45745792212277,151,173,45
473,6,9,-5,59.43314151792629,91.01174513979964,-52.22765326690744,254,12,238
474,7,-7,6,74.43113306745184,-67.75165954715267,63.85111411592702,6,212,42
475,5,5,-8,45.60175832032254,48.02104881528063,-79.06270999744665,118,78,244
476,6,-4,0,62.9862313497439,-36.3531246803045,-3.3577275041966725,50,170,157
477,4,-1,3,43.90748936210927,-12.070476268586315,25.97037972720469,95,109,59
478,7,4,5,66.30884560115494,40.91519747292555,49.09640162669825,241,129,74
479,4,1,5,44.94957493575964,7.228125029276167,46.400567028906295,132,101,20
480,4,3,-5,38.986016496476665,31.487485864818694,-50.24376602738671,105,74,175
481,2,4,-1,23.178398886665114,38.565463291983406,-9.722755450401763,101,22,71
482,6,8,1,58.00948477656768,75.81450376051357,12.693345784382636,254,55,122
483,1,3,1,9.614874382386464,26.810143036636173,11.522918497383044,59,4,9
484,4,5,0,40.15163143897156,53.670124313643626,0.7258805733456719,169,44,96
485,4,1,2,37.88604603398872,11.410011825741387,16.510623263634127,113,82,63
486,5,-4,2,51.73174486393606,-39.11488264187968,23.170100150347505,46,140,81
487,7,3,-3,69.97729034814941,27.819120615871,-32.60269735339077,199,154,231
488,10,-2,8,95.59278542352766,-18.70043863161264,81.30787755621478,241,251,63
489,7,-2,7,72.29654659216017,-17.374385934746883,70.7517748951842,173,185,13
490,5,4,-2,54.2046898081669,44.97917738082191,-17.895133560996346,191,96,162
491,3,5,-7,33.034540667056355,54.84511036422146,-67.52418842880827,110,32,188
492,7,-2,-5,68.31186522416078,-18.77669488850048,-45.79240396273679,33,179,249
493,5,8,-5,54.76162392669745,77.99621388070554,-53.900838436221264,220,48,227
494,1,1,0,5.453294649042675,11.439931354368424,-4.67217065683942,31,11,25
495,6,-4,2,56.16033165906096,-44.96187130399792,18.523555496211294,18,154,100
496,6,1,-5,60.09749085185628,5.885550730688194,-45.29222336588521,113,144,225
497,5,-1,2,49.68340862744441,-10.818239973181877,21.87227611486907,110,123,80
498,8,-1,7,75.23299428636906,-9.733418885953194,66.80413375034851,194,189,46
499,9,-2,9,90.74689580497586,-24.273269633242613,86.10651655744178,217,240,12
500,3,-2,1,31.91241708931988,-18.58686655717989,5.315188868721887,42,83,66
501,8,1,8,83.2839012350665,9.721785719049192,79.13239008636336,252,199,34
502,3,2,-7,34.39490295281957,20.75256310372997,-69.157240151853,3,74,194
503,4,3,-6,44.624880349604354,31.43428732513098,-61.49011250235554,106,89,210
504,8,-5,1,76.71559667151543,-54.89089056397,14.965742833364892,27,215,159
505,5,7,-5,53.230154980566965,70.46495046998885,-45.09861874554586,210,59,207
506,4,7,2,43.073061959902745,65.00714304591682,17.71369660359091,195,23,77
507,3,6,0,33.94253708733709,56.71402331821807,-1.6449042073912068,154,11,85
508,3,5,-8,34.3890141955237,48.46940673777192,-77.1004639803553,88,49,208
509,2,3,-6,20.07589517165097,30.34477411995021,-63.29335518974538,19,34,145
510,8,-3,3,80.64416033270624,-29.42214881882388,26.2748341696615,155,215,149
511,8,1,1,76.5025544864202,14.588315400384356,7.283772430988433,219,179,176
512,7,5,-4,67.18284278590998,46.64841763090377,-43.86409922512022,215,131,244
513,3,-2,0,31.71152196517133,-19.020481371340768,-4.481865322446565,28,83,81
514,2,3,-2,18.443479099578653,30.64617168890613,-20.923249305793533,75,23,76
515,4,7,-2,41.32285257169861,65.52562097287453,-20.94333719176046,180,19,134
516,7,-6,4,69.93193536145348,-60.415245353350464,40.91205275551526,1,197,90
517,7,-1,-1,70.56331625974052,-12.408490397801064,-12.0773206244428,137,180,194
518,6,-3,6,61.018554908058576,-30.99611623499843,58.51724119914914,113,161,21
519,9,0,8,85.01193029795861,1.7937013360163068,76.08735083229793,244,209,50
520,4,0,2,35.78990716479427,-2.793017893126998,19.14462522156911,88,85,53
521,6,0,-6,55.198504111815794,1.9462797368337004,-61.58200897875652,40,135,240
522,5,-2,3,50.53996715728135,-17.135357185098176,27.75595916310217,103,128,71
523,4,3,4,40.85025298239459,26.95617474981113,42.41259948246707,146,77,24
524,7,-4,1,66.48105232458214,-38.90160306748991,14.332984233373436,80,180,134
525,8,-7,4,81.84089038529275,-65.25564836363074,41.71629052443841,40,233,119
526,6,6,2,55.397535895605486,61.573992397417456,18.925687915459942,229,75,104
527,9,-1,-1,85.10289769010963,-8.414711488962611,-10.513814184621095,187,218,232
528,9,-3,5,87.54859372498625,-29.218723697021552,47.76032379910944,186,234,124
529,5,-1,1,45.04246190153031,-13.597875306624124,7.779791396255009,86,113,93
530,5,4,6,49.75451662920917,43.19549766336061,58.54369327943776,194,83,5
531,2,4,2,20.49533097338433,41.94542881128138,15.945883484619728,103,1,29
532,7,3,7,65.84175683924792,26.57961307872114,66.13342075056052,222,140,27
533,5,-2,4,50.57902168933553,-24.391821615022454,41.35498670818634,94,131,43
534,3,3,-6,32.878279957782055,33.20674599280446,-57.87291361949417,82,59,171
535,9,-4,1,87.89281791918643,-41.46644897693963,6.070635448140771,123,242,207
536,3,0,-3,29.876595993476226,3.6490127640970975,-29.232797120324648,51,70,116
537,5,7,4,49.60181934755887,74.19470148814273,35.61721139686564,229,15,64
538,5,1,-6,45.24386876915269,9.786557495001569,-64.72742129755862,22,106,217
539,4,-1,-2,39.03342697863085,-14.845687761546433,-24.284764097285017,21,100,131
540,5,3,-7,54.2411423309603,29.95985545992053,-70.06084387583206,117,115,253
541,4,2,-2,44.25727320867336,24.068367300892454,-17.873141120375458,133,90,135
542,6,-1,3,57.05621127279885,-13.413369657818308,31.4877836924608,128,143,80
543,7,2,4,72.17913717186713,23.254984329257265,37.09484441786584,231,160,110
544,6,7,0,59.76597841060371,70.0549996906687,0.8820432412587786,249,75,146
545,4,-4,3,40.57594256571685,-39.42016851036059,27.81473654356456,6,111,46
546,7,-3,2,73.19414291226136,-26.52278830582849,19.20182897004823,137,193,143
547,2,2,-2,18.356394077770688,21.4509174569337,-15.723310022431448,66,32,68
548,6,1,6,61.95067064948542,12.896414181012062,59.72189617551952,190,140,32
549,4,-3,0,42.38903655222668,-29.650630890516368,1.19886387293634,23,113,97
550,3,4,3,34.51971834002468,40.092600167849405,28.15575694998065,142,48,39
551,5,0,5,46.97988445706125,-1.5344425843195064,47.38238974084092,125,111,21
552,9,-1,9,93.94540368233292,-11.387109903561122,89.67539450033583,251,242,14
553,7,-1,-4,68.51611624732523,-6.48835434207723,-41.49226194387536,108,173,242
554,3,5,-1,27.204079191911653,45.04017938990448,-7.255664908379888,120,21,77
555,7,1,-1,67.495982445703,13.778430460070268,-6.741554054724919,185,156,177
556,7,-4,0,67.11949005409103,-38.54329266247375,2.664629353460213,66,182,157
557,5,7,-1,54.06652509000276,74.75022079144172,-10.182794493174184,234,45,150
558,4,0,-2,44.36509385022688,1.9031665089570549,-23.52591269868047,90,105,144
559,4,7,-7,44.05723051365551,73.55987373414492,-68.20890186353661,171,18,221
560,6,-1,0,58.74479629410399,-5.039919752196475,1.7572261708528547,133,144,138
561,2,0,2,23.29605176622134,-4.210030209747501,17.23396173466487,56,57,29
562,6,2,-1,61.05954486036113,21.669626679809483,-14.708116592795651,176,134,174
563,9,-4,-1,90.2428530379056,-39.98536123490304,-13.860650490896266,103,249,252
564,6,7,3,56.90982450607956,73.34224520680898,25.9077284295685,250,56,97
565,5,4,-5,49.50482420768133,41.58198408458597,-45.88299081651168,155,90,197
566,3,4,0,26.75647264539548,35.145684583617914,-1.518030726602504,109,36,67
567,5,-3,1,48.62264590084981,-25.120399988979525,7.921890412902011,68,127,101
568,6,2,3,63.50422743720664,23.43021870177947,34.07015130775448,205,137,94
569,4,4,-2,35.667903946564564,42.609224866673095,-22.443218177866665,134,51,121
570,7,5,7,66.9509792933171,48.1605040436851,66.06471947668375,255,123,38
571,5,2,-8,49.50977740552699,15.64592716489005,-75.18728698316468,28,114,248
572,6,6,-4,57.131036005607655,59.4991138873342,-44.12752686437249,206,89,216
573,4,5,-6,41.17840938121381,50.51618259691071,-58.7841713804599,135,60,196
574,8,-3,-2,78.44337887640967,-34.83106855130852,-18.95264257176421,75,213,228
575,6,8,-5,60.92997538442903,84.05107987943666,-54.963797020721806,247,56,247
576,5,1,-2,46.10170696525917,11.99976046589546,-18.24161422839301,118,103,140
577,9,-5,9,91.79339046351107,-47.00532613931824,85.73632943407425,172,254,7
578,5,-1,-2,46.34774333850183,-10.75442224636447,-17.665394768823873,72,116,139
579,5,-3,0,45.36435481642396,-27.58123339599375,-3.9555027739675896,33,120,113
580,6,-1,-6,61.90043031055279,-7.068523637833113,-59.15513169536703,8,157,255
581,8,2,2,81.08830351244707,20.26703514882605,19.519003821538973,247,187,166
582,7,0,5,71.59035633803092,-0.4086888924634269,52.364049917091705,196,174,75
583,8,-1,-2,81.16629155814591,-9.424328587896548,-19.709791150756,165,208,238
584,9,-7,3,87.27364646740217,-67.35213304467874,31.164719002797717,7,250,155
585,7,2,3,66.4572150661882,17.66296125972877,33.97710845106234,205,149,101
586,6,4,-4,56.9494556514979,38.28492971420411,-43.657420547323824,172,112,214
587,6,-1,2,58.28590996078459,-12.532820599774396,22.330516597882838,129,146,100
588,4,0,1,35.74998337573145,-4.600429603838579,11.134068437575673,82,86,66
589,6,3,2,61.49156102359642,34.523489831643715,22.38136086921081,212,123,111
590,3,6,-8,29.982851448820057,61.77135415778723,-84.36725178809701,90,6,208
591,4,3,-7,35.940469732133046,34.900771160561256,-73.4814949056031,66,67,206
592,9,-8,8,86.32318502080619,-77.53498448329648,76.0630159573963,1,250,34
593,4,6,-5,41.93935375542259,61.28170178010556,-53.84718854894339,158,43,190
594,5,4,3,50.81908974440799,43.652169457145895,28.10221611780024,194,86,76
595,4,-2,-2,42.44969409102384,-19.160296361317634,-19.631624427582818,25,110,132
596,1,1,2,13.078477632535172,8.239043594767182,17.035195920142982,49,29,6
597,4,-2,0,39.4756174333519,-19.73283812972851,0.1580669936147027,52,102,92
598,3,3,3,33.88626787438375,29.798394381068405,27.22200933838804,128,58,38
599,10,-1,5,97.3137460517396,-10.682435587243578,50.06277877608265,252,252,147
600,7,-3,6,69.82569724997391,-33.666622499359924,64.16093686474247,133,186,31
601,9,-6,7,88.20304047589904,-57.0919794953868,68.82696415878307,128,248,72
602,7,1,-2,73.3747179866858,8.095912358402346,-16.714784275827178,184,176,211
603,6,-1,-3,58.6096685967493,-11.823750155962433,-34.99201429994938,73,149,202
604,8,-2,-3,76.51368889329038,-23.298368730717662,-33.53607511218375,87,203,250
605,6,0,-4,57.87435516797116,2.329214194955298,-41.03084237872496,104,140,211
606,7,0,7,73.36990855777435,-4.662793818016708,71.83981668982435,198,181,19
607,3,1,-6,33.869137788158945,9.972903508317891,-55.88359661471358,7,78,170
608,6,7,4,56.99224560008595,73.3897642644501,44.68767275158984,253,55,65
609,5,8,-4,54.07673556427291,76.8626113499834,-40.70717392771117,224,45,202
610,9,-5,5,90.8806126049438,-49.65522783983478,53.38586725504566,149,253,119
611,6,3,5,61.123475896730426,30.12077158813253,53.502448900403145,211,125,50
612,5,3,2,49.84789126020111,29.062352536361196,18.99297274859454,170,98,88
613,3,1,2,34.271042450855006,14.943974578601528,23.28091486113065,110,71,44
614,4,8,-9,43.82485861739411,76.19614110401885,-85.08330944389284,158,14,250
615,5,1,6,53.545053892995895,9.152833098347578,56.8552228043966,160,121,11
616,3,5,-5,32.60547162570293,53.54491445680532,-45.27533574675198,127,27,150
617,3,4,-1,29.76855372974179,36.74466744833321,-7.477127497184477,117,42,83
618,9,-3,9,94.67653087038452,-27.571728932987927,89.2624691341718,223,253,11
619,7,3,-1,71.69359088616967,30.281358566079557,-7.203596354793862,224,155,190
620,2,6,-10,23.77911893826384,58.846629458965126,-96.64437719006162,6,2,211
621,3,4,2,34.06370162890126,37.77767936478266,21.172251813844778,137,50,49
622,3,2,0,31.62448778819875,22.73141988872271,-2.388251504748784,106,60,79
623,7,2,6,70.68270881297317,17.15898547256389,58.903425722663926,222,160,60
624,4,5,-1,36.75881303651868,52.23095889975815,-7.77721413943434,155,37,101
625,2,1,-4,22.24988423082668,8.842467355671458,-38.953678368606944,26,51,112
626,4,1,1,40.83892605826377,8.506588351052697,12.024957457098362,115,91,77
627,5,0,-4,46.4256122601531,2.8498330844869413,-44.43276564411243,67,111,185
628,9,-6,1,89.3986687400874,-59.38531142056386,5.814954475348255,2,254,211
629,3,-1,-1,26.834807963748062,-6.863534035269625,-10.369834044820603,43,67,79
630,5,-2,0,51.654998945407485,-24.747397808348225,-1.0681994037726517,67,135,124
631,7,-1,3,72.5361817754346,-12.90071411255661,33.4594184227748,171,184,115
632,6,-4,1,58.218828983520666,-37.220709933177446,8.762199851194286,54,157,123
633,3,1,-2,27.997054636419943,5.68452413125331,-19.40996607482761,62,64,96
634,2,4,-7,15.09159081203602,37.06383956515783,-67.23501952057367,2,16,138
635,7,7,-4,65.64734695357801,68.21345153011882,-36.4520700102386,249,100,227
636,6,-1,-2,62.910347072161386,-14.414432451202275,-23.82739265593268,97,161,194
637,8,4,1,75.89272573702618,35.84503146305617,5.912796659342567,251,161,178
638,4,-3,3,43.88732239178904,-32.07074668979751,28.439248396481243,53,117,53
639,2,4,-3,22.303973401976748,44.9431281366662,-27.20886381327746,99,6,95
640,8,3,-1,84.79909410247049,28.07414279350334,-14.972299913421397,254,193,241
641,1,-2,1,9.442118097034996,-16.478149700773397,10.760736168887163,1,32,7
642,4,-1,-3,41.13665353760957,-11.769000121616411,-26.99459436860573,37,104,141
643,3,4,-9,33.6712589737142,41.993147232526006,-89.93058873730703,16,58,228
644,7,-4,7,73.92154591798585,-44.76543247705395,68.28531769589729,120,202,26
645,5,4,-4,45.44286544613544,36.033145555960765,-44.39353818043397,136,85,183
646,2,2,-4,22.12099007281053,22.26866461153073,-40.94985567270506,55,42,115
647,9,-1,7,87.45897274734527,-8.312033649242878,74.78730373434,234,222,60
648,9,-2,0,90.136927720693,-19.92142657273516,4.090782335102405,187,238,218
649,5,-3,2,52.37997148835316,-34.282524904391934,20.868715994082155,63,140,87
650,5,8,7,53.28973130343834,77.95626907243181,65.18502337523682,248,17,13
651,7,0,6,68.83370378280516,-3.0860181366584305,63.39360669274957,186,168,38
652,7,5,-5,67.71885204917065,45.51903197012053,-48.52549332052733,211,134,254
653,5,1,5,49.38507160346025,5.386526567966121,49.627073786435375,142,113,23
654,5,2,-2,46.558523691225616,21.32008011405628,-22.13009093170859,132,98,148
655,7,0,1,72.87579504588162,-4.382681896192009,9.086832846977178,176,181,162
656,9,-4,4,92.9007703952446,-35.9974437940711,38.55748213302186,181,253,157
657,9,-7,4,88.32641461791022,-70.28971891427727,39.78210987602648,15,254,140
658,4,-1,-4,42.02423865544349,-10.04928537334676,-36.33821302573055,12,106,159
659,6,5,-7,55.067643175297206,52.83571784593688,-67.30395509195202,170,95,251
660,4,-3,2,44.98324160157661,-26.920198587644997,22.95893009284654,66,118,66
661,3,6,-2,34.46317059923996,56.91254266025858,-17.0492636228728,151,17,110
662,9,-4,7,85.73291851395646,-36.61827811981839,66.19207551023759,172,232,75
663,6,2,-4,57.117722181207256,15.46324552028705,-41.48218306356834,132,130,210
664,2,3,1,24.04840670415041,27.014159764048667,13.166371788122325,96,38,39
665,3,-3,4,28.949404321401232,-32.71117551784528,35.15425204856456,10,80,0
666,6,7,2,60.2799966121227,68.5930598485433,17.515531155079024,253,78,119
667,6,5,3,62.652804579698056,45.85969474647417,25.658573008807583,232,115,109
668,9,-6,3,88.57476082278536,-57.60120505492144,33.648235821269125,99,250,154
669,6,7,6,57.14828539238805,69.54690000604946,57.41409273515408,250,64,40
670,8,0,3,82.50246357906471,1.7202563906173474,32.933482363823984,225,203,143
671,4,5,-2,42.63842624202989,45.21342223113106,-23.62542802278775,156,66,141
672,7,4,-5,65.62585321409267,36.02911008939436,-47.64391913585353,189,137,246
673,5,-3,-1,48.23406402238699,-31.63495615655404,-6.267517733177774,3,129,124
674,8,-6,6,78.41007744392563,-58.069203736251126,64.69246769765918,92,220,54
675,9,0,0,92.5863561855331,-2.073173293353603,-0.7359921798088642,229,235,235
676,7,-1,-3,68.94734566478203,-13.01055228175424,-32.15495632091678,105,177,226
677,4,-2,-1,36.567691425036216,-16.630385511972932,-9.677506296680605,41,94,101
678,5,3,3,53.91228517894959,27.636671384250413,33.62282147094157,183,109,72
679,6,6,-5,64.4509272783699,56.08874337316233,-48.64133150200107,219,114,245
680,4,7,-10,38.98191068187372,67.621278381686,-95.55779968043986,112,32,254
681,8,-4,-2,76.15251319976346,-36.275005501860136,-15.468141212676011,68,207,215
682,9,0,3,88.12830488222315,-3.1748225883719283,25.048787004112285,229,222,173
683,7,-2,5,71.68062483312237,-24.336821414114084,53.37184316531387,154,187,70
684,7,-5,7,68.98894335062084,-46.727049858314,66.5861631407293,100,189,7
685,5,6,4,50.65685741227992,63.88656937993503,36.2173301133208,220,55,64
686,4,5,-8,35.39854491717339,45.143945556715245,-78.35460940574318,81,56,213
687,7,-3,4,66.37610879459854,-33.736905057607736,37.439384277944285,113,177,90
688,1,3,-3,13.15164738144609,31.818123974894117,-30.261576216476005,58,9,77
689,5,9,-6,54.93636196688482,85.15504703166648,-61.413873935272,226,23,241
690,7,4,4,68.07460337608549,43.9671124711456,39.606192284188026,249,131,97
691,4,5,5,40.95451962642645,50.22619686844212,51.69868581138145,175,50,6
692,7,3,3,73.44903437086661,25.375259917297388,29.872544114721222,236,162,127
693,6,3,-5,56.69385899461048,30.439288675017163,-53.21640096570142,148,119,230
694,5,0,3,50.07079766587508,-3.2884235950566554,28.232964580329316,126,120,70
695,8,-5,2,75.92714499659738,-47.81735497506811,15.070680216108578,74,210,157
696,9,-1,5,86.32443629182254,-9.591281660599748,50.34498402564223,222,220,117
697,9,-5,-2,86.77280225323105,-46.84509707054774,-15.544434609911416,34,242,245
698,6,6,5,62.89580719541247,58.31864721534924,53.27508544794962,254,100,60
699,4,5,1,38.17101468492066,48.700092950058256,12.243809552033555,160,46,73
700,7,1,5,72.2031912436945,14.655379751107422,49.77939896145976,221,166,84
701,2,4,-5,23.730250827078407,36.35335874579937,-50.233347619433786,73,33,134
702,10,-1,7,97.59982248971347,-13.575891902268433,74.76202466329602,255,254,90
703,5,-1,0,53.92815341130554,-13.58642202026894,-2.6988817786107067,100,136,133
704,4,-2,4,40.978287504756985,-20.223671838619644,42.16094711444068,78,105,15
705,5,0,-2,49.6655004867407,2.2147054656078136,-23.519411187172626,104,118,158
706,3,-1,-2,34.346647427344635,-14.277210511336095,-16.784159076575,30,88,107
707,3,6,-11,31.12576793611733,64.39921877615842,-107.15457891803152,34,20,251
708,3,2,2,29.881510758640232,16.49795914053437,15.59356163073302,99,60,47
709,5,0,4,46.85946581755713,-0.1367994460609867,42.93661054756189,126,110,33
710,8,4,-3,79.8790130375503,40.32450756222222,-27.15975665603329,253,170,250
711,3,0,4,34.26111661814917,-2.6861674675399128,39.38113384707915,89,81,7
712,9,-2,-2,88.20707565223783,-22.9251371392622,-17.158728779062706,152,235,253
713,3,5,-6,30.827544374676485,48.66832298612572,-55.02846781413684,107,34,161
714,2,1,-3,23.95598761469831,9.356490822177571,-34.233377382073535,42,54,109
715,4,0,-1,44.73551498794748,-3.285169049418002,-11.040666049141931,92,108,124
716,8,3,0,76.47649281337996,28.18992831071609,4.3584616435078605,240,169,182
717,9,-3,7,85.01029804416422,-28.35931762758015,65.10370392515894,187,226,77
718,6,3,-6,59.25959591616376,29.52961977349261,-60.22145546222941,145,127,250
719,4,4,5,42.96179448551543,39.35281732935142,49.28991034570311,168,70,15
720,6,0,2,64.4382652421015,-2.504563651304803,17.372174565077046,161,157,125
721,4,2,0,42.24002349090961,23.004295118124077,-2.0628130294473968,134,85,104
722,6,1,1,58.134624870558426,6.985236763055513,14.895857810093528,159,135,114
723,6,3,-4,61.16366097340587,31.09135828996912,-42.65142468549361,172,129,224
724,5,-1,4,53.96555174125589,-5.935533470542542,43.00481819570388,136,131,50
725,3,5,-10,33.443090515646645,51.282031178229495,-96.52916079636668,36,48,239
726,6,6,6,56.95831962429227,57.60320697728366,63.580550094872365,235,84,19
727,5,8,3,51.48398755060359,78.07406458962829,29.979852265876406,239,1,78
728,2,4,0,16.107906756551316,35.48258048493197,0.3615338230735121,82,5,41
729,6,0,7,64.98855585792569,4.888701558773912,67.44598592418103,188,153,4
730,9,-7,7,85.34108680995966,-74.0042872516633,65.44120228343404,26,246,71
731,1,2,-5,14.193846285413136,21.079763297451983,-46.25768634614863,20,27,103
732,5,4,0,48.60166214493667,40.69632771559395,-4.070448511171065,175,85,124
733,8,-3,7,78.13488023700694,-31.50090287125057,72.32965987619448,163,208,29
734,9,1,-1,86.33568716494509,5.514435284685481,-9.944459219724733,220,213,235
735,3,5,-4,33.58419114462608,50.34975471155595,-41.25099726305474,128,36,146
736,8,-5,-2,81.16027493310455,-45.10191355822136,-15.00587990558573,12,225,228
737,2,6,-9,24.783057397323383,56.40174197013514,-87.90433878211039,50,8,199
738,3,3,-1,25.071564960477914,28.358589813057,-6.351827699718449,95,40,70
739,3,6,3,32.28033554487705,55.317444508053256,32.13530460198978,153,2,30
740,4,4,-8,43.93192182769926,38.65075685730074,-76.2755503312742,96,83,234
741,6,-3,4,60.83277803204997,-29.279943250219542,42.909508063810506,111,160,65
742,4,-3,-1,43.10573684647476,-26.0550835347505,-12.111448941666026,1,114,121
743,7,2,5,69.2251244109676,24.414106488167164,46.179133993486765,226,151,85
744,9,-5,7,88.42605180761667,-53.13453389364381,70.57690407604036,141,247,68
745,2,3,-4,17.607584902748478,31.145591285014877,-44.41802728230044,55,24,109
746,5,7,-3,50.67112613589666,74.10187229165454,-25.74371258459256,217,35,167
747,6,-2,2,55.52556553786751,-19.31644773749325,22.7803072825846,109,142,92
748,6,5,-5,59.11813988302448,49.17319952936472,-45.06815370882562,195,107,223
749,0,1,-2,2.2881672014692,10.50235576712942,-16.65055851264058,18,1,34
750,5,6,7,54.9572837140188,62.70473816650901,65.4036453803022,235,70,7
751,5,-1,6,54.59311741876016,-13.007222488798597,57.43044232326645,129,136,2
752,4,0,0,37.47100138943441,-3.4858452048934785,-1.8499386688678452,81,90,91
753,4,4,-5,39.3633658050109,35.37168260922544,-47.19046559269288,116,71,171
754,2,3,3,18.901402041017256,30.62861036656317,25.37548610214414,88,21,8
755,9,-5,6,87.24746114445017,-51.46462426935167,61.7948987326167,138,243,89
756,2,0,0,15.049212842597443,-4.846271771756838,-4.538730985605033,27,40,44
757,2,4,3,20.889901756996657,40.4371383679111,30.81606509654072,104,6,3
758,6,5,-3,57.60299409216314,53.43538157230199,-34.92610439142649,204,97,201
759,4,2,-1,41.07645075653646,24.909744133506965,-8.114039119906014,131,81,111
760,8,-3,2,80.18494818826099,-29.43581753694957,16.766858265788276,147,214,166
761,8,-5,6,77.31798838436984,-47.84484552469437,57.30046205750215,117,213,73
762,7,-1,4,73.24879043219588,-13.340159850907195,40.95134458956065,175,186,102
763,5,7,-7,45.45995134627305,65.92428679843981,-74.55810618039342,157,50,236
764,1,3,2,14.30100581927675,32.50069361699054,17.472025510658153,77,5,12
765,7,5,-2,69.31367231876314,50.88150969466465,-15.3654010038903,245,130,199
766,3,4,-3,27.18076195993229,42.91277433525409,-25.88382914991712,110,28,105
767,4,3,5,44.19091435371234,29.3558538170976,46.137800265991125,159,83,24
768,9,-5,0,85.16408111721897,-52.19651885530363,-2.8276058115361824,30,239,216
769,6,3,-1,56.710523895950914,25.217088231887782,-12.70993089161454,171,120,159
770,9,0,6,87.8070528662739,0.2796136093035084,62.12715985929802,247,218,96
771,9,-3,-2,87.42112668442007,-33.72056521399131,-15.918770915455038,116,238,248
772,7,-3,-4,70.71453740034121,-27.36318585847808,-36.691211781740485,9,189,239
773,6,-3,0,56.50448037048645,-30.196293210914934,-1.515426735327963,61,150,137
774,7,5,1,69.63796807226154,46.27810638783458,12.000188834662271,250,134,151
775,2,-1,0,18.594795776758296,-14.636421466825311,2.60797579096852,19,51,41
776,8,4,-2,80.20211426437052,36.23982701820117,-20.80641834509376,251,174,239
777,6,0,-1,61.73684127379271,0.8176002894714762,-8.435057718195726,145,149,164
778,7,4,2,69.59955952635278,38.52698827957052,19.496374856058416,241,141,137
779,5,2,-3,51.013328579565126,15.370399302745753,-33.440552738572514,124,114,179
780,4,6,6,42.93870783558284,62.74350013119179,57.207902518185314,196,28,1
781,5,-1,3,48.39049438739284,-9.740222289754463,31.20630738624377,112,119,60
782,5,3,-5,52.18464379135912,31.79767661437799,-48.59640804772394,143,106,209
783,9,2,-1,90.17477598217594,17.157773165462743,-11.780097608286264,252,216,250
784,4,2,2,36.85026325549261,20.782899875222167,17.29822642663904,123,73,60
785,5,6,5,53.49020381771375,63.77970312810666,46.03018537122989,230,64,53
786,4,0,-6,42.70828941170303,4.711173539425739,-57.40119796582973,8,102,197
787,2,3,-7,21.745053104006736,30.34173490522188,-65.46207484779157,17,38,153
788,2,0,-4,22.281268203186265,2.8098227100897266,-36.38146838003664,6,54,108
789,5,5,-6,46.91264271070946,54.90084786236349,-56.84538512978086,160,69,209
790,6,-2,1,63.101330133341136,-20.605282941054902,10.532965346114231,118,163,133
791,6,1,4,61.25844756309125,12.326891323762355,37.49594744017993,183,139,81
792,2,2,3,23.7768792566858,23.8473258507467,29.652156343875696,94,40,11
793,6,5,-4,57.8502181368485,53.23015341463727,-44.781949795387966,198,99,219
794,2,2,-5,15.752183733556452,24.792389995166253,-46.26263212746932,35,27,107
795,4,2,5,44.3302157803768,18.41747385569803,52.14554206332954,146,92,0
796,5,6,1,50.67794842256963,55.684391286380254,9.898535888188963,205,71,107
797,2,3,0,17.532788120902545,27.648652237884814,-4.213731084794503,76,23,50
798,9,-3,1,88.58031391305009,-29.152576704755408,10.9791790121331,166,238,200
799,1,0,0,5.192043075225559,-3.4132512562658617,3.56145406772303,13,19,10
800,7,0,-1,66.41029608759898,3.620143903486861,-14.764052905307423,158,160,188
801,4,1,-4,42.916660906156736,9.916714136799287,-40.00071845610127,84,98,168
802,4,1,3,40.563224844594885,6.765070942696544,26.396382086780456,116,91,52
803,4,1,4,41.24497449051017,5.743108602521224,39.84557839670504,119,93,27
804,8,0,6,79.33954888027945,1.086165678229334,61.31772547061631,223,194,75
805,1,-1,-1,13.048723660353977,-7.76719872512259,-6.92343612833456,14,37,43
806,9,-2,7,94.94217751856036,-23.722263506363134,71.65609967826805,227,252,89
807,9,-3,3,91.35658175690536,-28.60034331535888,33.76555052880186,191,245,163
808,8,3,4,75.31994868601483,29.93830545811493,43.63832646990422,252,163,106
809,8,0,-3,79.974951506724,-2.3967265830179274,-25.693111798278977,172,201,246
810,7,-2,0,66.3664247713265,-24.761909304435054,2.954400903030119,110,174,155
811,6,3,-2,62.96694781993732,26.248333338862786,-22.440268092534367,184,136,193
812,7,-3,0,72.35946055885037,-32.451212558031685,1.1487371988190276,102,194,174
813,5,6,3,49.63140995129821,59.29582273564355,27.97374986438026,210,61,75
814,6,7,1,60.95420792538943,69.12738432693338,6.187838913717836,253,80,140
815,9,-1,4,93.7479016381969,-7.440431010039383,43.13616132786269,245,240,152
816,10,-1,1,95.58805956427402,-10.419627298769107,13.809816297633848,230,248,215
817,8,-5,8,84.7837306434059,-54.82470633931968,76.97417951831568,128,237,28
818,4,3,-9,41.220339959807625,32.17453136888388,-87.6289418673912,9,84,246
819,5,2,4,47.04788404330641,20.989701615876378,36.42216013262931,155,97,50
820,3,5,-3,31.16500369237123,51.95137971652253,-30.152991805572785,130,22,122
821,6,2,0,59.17675765672051,23.173030031344023,4.870143658236015,183,127,135
822,3,-1,4,34.20073659533218,-7.076750722093212,36.790048406953694,82,83,14
823,9,-4,-2,85.79010702998589,-39.04611900940091,-21.10322892738743,73,236,253
824,9,-8,6,87.84680397993732,-75.3450642350848,59.907177910824025,5,254,93
825,8,-3,5,80.14721590240525,-33.79203783388829,54.06849572256962,158,215,90
826,7,6,-3,66.9222071129087,64.52041187753521,-27.77136180648496,252,108,215
827,5,6,-7,47.696709539611874,64.79366238125655,-74.25732516794126,162,59,242
828,4,5,-10,37.33980716910124,45.56396359974252,-95.69629993316369,31,64,249
829,9,-2,-1,91.79060983484528,-19.07118096287963,-11.667334944273255,179,243,253
830,8,-5,3,82.18504275292324,-46.95012388208464,34.92573582383574,119,227,135
831,6,-5,1,62.64278108584787,-45.487009517681976,13.167612251889029,32,172,126
832,5,-2,-4,48.747472776360254,-15.003543160220731,-35.13683600939383,13,125,175
833,9,0,4,90.70233516520936,-3.4194712278378114,39.24231007387111,242,229,152
834,7,0,2,72.55592711853143,-4.667754816640279,17.312744340655883,179,180,146
835,5,5,1,47.7655728008285,54.00852822692642,13.447488686211903,195,65,94
836,5,5,-7,52.13074305423875,50.835306933940615,-69.92311602927768,155,90,247
837,3,0,3,31.95122783051582,4.339363393539047,33.717597318754656,92,72,18
838,7,5,2,67.998673161575,51.20934228866874,18.81111790639407,254,124,135
839,7,2,0,71.3953393118731,23.670442130028118,-0.0557014182334114,216,159,176
840,7,2,2,70.27820850079716,21.06184019219576,23.11076854235852,218,157,131
841,5,9,-7,53.51644029523641,85.56777747224208,-68.81663208869355,217,13,250
842,5,-3,6,54.95774533220354,-28.74320362129812,56.91008280595102,101,144,0
843,5,2,5,52.63399294869927,16.277219013227207,53.70776044150792,167,114,23
844,8,-8,7,83.55677752969235,-75.03749430495287,71.56694077514518,1,241,44
845,5,3,-3,49.93021226735976,30.689031271153357,-34.91266918495515,147,100,179
846,6,6,4,61.1410776128528,64.11517449290766,39.30876192277415,254,87,83
847,9,-2,5,90.00730014998832,-21.29889674528268,46.91888479042241,209,237,133
848,5,2,2,51.26952039997653,16.535468227168394,24.503780101799176,158,111,81
849,2,4,1,17.601729209172333,38.41254087658113,5.70571667087203,90,2,37
850,7,1,1,70.96833819053349,14.253119880101696,14.529799706336677,206,164,148
851,4,7,3,44.91143302090543,68.30456095518184,34.913779469937545,207,16,54
852,3,0,2,26.67283738752049,0.974665878140879,20.563084789656077,72,62,31
853,3,6,-5,34.514016406857124,59.00197438859822,-49.38178534239734,137,20,162
854,1,4,-5,10.19400834193926,35.21466214870375,-54.1767718678597,26,3,105
855,10,-1,9,96.75576192161672,-14.787260611451249,92.55593923553032,254,252,3
856,5,9,-5,54.27920905851676,86.05417783506763,-53.97381851396141,230,1,226
857,6,4,-3,64.80682990771211,44.82066552500663,-27.6231570216539,216,125,208
858,0,2,-2,4.7654324816105245,21.100721935362586,-23.358110098175302,31,2,48
859,3,3,-2,25.476639355330757,34.70016114958163,-20.275835971871548,98,35,92
860,3,2,4,33.38119934467181,17.281138608742946,39.66272523370797,113,67,9
861,4,6,3,37.95686848100716,59.05316062621488,28.561025312564716,174,19,48
862,2,-3,3,22.279018379850285,-28.08554183009726,25.60473780349372,2,63,9
863,7,1,4,69.05132492489628,9.964534644539002,39.12250201306349,202,161,97
864,7,6,-5,66.0298140615412,58.75883669904353,-47.15428207134167,229,115,247
865,6,-2,-1,60.08825924133404,-16.902970632239445,-9.580113064183829,101,154,161
866,0,2,-3,4.543365850135601,17.242884100300294,-33.35825639753821,13,6,61
867,5,5,-3,45.32784015004562,51.86552678814682,-28.859700521255107,170,65,157
868,3,2,-4,28.29293906221032,20.6721360678305,-42.27020066944133,66,57,133
869,2,-3,2,20.836060693562025,-25.639381801018573,24.98157889627328,8,59,7
870,9,0,1,90.52871377126723,-4.566982695994204,14.93784022061757,228,230,199
871,9,-2,4,93.1871551269451,-19.0120102245982,42.93410583010906,221,245,150
872,8,1,2,80.2174505985994,12.795291566949418,16.955410492824896,231,190,168
873,7,3,0,70.41049593902788,33.060268545522355,-2.396995386458256,227,149,178
874,5,2,0,49.001188697183366,22.19704386356364,3.2144430544756686,153,102,112
875,3,0,1,33.2012657467847,1.18559413394409,13.940916152703451,86,77,56
876,10,-1,6,95.22900967913571,-14.715558015792386,64.4623454041071,243,248,109
877,9,0,5,88.70740288281198,1.6321202590355854,47.6541604019084,248,220,130
878,9,-7,2,88.48734171593,-65.24216082511819,23.845441248201983,18,253,173
879,5,6,-5,47.89258926100406,59.04652776069435,-53.44034002199722,172,65,206
880,9,2,0,86.44632459583555,18.713947595767834,-3.627560984613965,249,204,224
881,7,-1,5,68.98418748125655,-9.224227058400036,52.821862766485886,174,172,66
882,4,-1,0,39.496168451109774,-7.644558855036871,-4.470522761555462,76,97,100
883,4,-4,2,43.77290959463947,-35.41764315098944,21.684676723827238,35,118,65
884,2,1,-1,15.669067714569293,8.313821952522893,-5.455832609759903,48,35,47
885,8,3,2,75.92169960573511,31.626562028950257,20.60572892798822,250,164,151
886,6,2,-6,57.482733399390185,23.46161504172401,-59.853883246776384,127,127,244
887,2,-1,2,22.727910332312906,-14.85710390199313,16.714441161578677,37,60,28
888,1,3,-4,12.53861626105721,30.92997424285032,-38.852347784979045,48,11,88
889,5,2,1,47.8887366787788,24.7173033042708,10.050821513142228,156,97,98
890,9,1,3,89.34712624019465,5.044825972666533,33.692372020549755,251,220,160
891,4,5,2,35.675942182795445,49.9445484554302,16.413670202348328,155,36,61
892,5,6,-8,46.91490759945014,61.1705847481196,-78.98341216072512,148,64,248
893,6,1,5,59.25937765342067,14.717751595946847,48.040400851671805,183,132,55
894,5,-4,0,52.91152427073742,-37.1550408506241,2.266238043999192,16,143,121
895,9,-6,6,86.01922718644568,-57.86917684788101,63.63170185805915,116,242,80
896,0,1,0,2.0665079915249933,6.995005105690802,-0.8365727903693665,21,2,10
897,7,0,-5,68.02569697074993,-4.580396453901847,-46.60706264964305,103,171,250
898,9,-3,-1,93.0046046118562,-25.961749032522963,-8.939090640258529,167,250,251
899,7,-2,4,68.77104110200428,-21.65356507556743,40.89269503181092,147,178,90
900,8,1,-1,81.19052941557538,6.941870532155448,-14.534353119370811,205,198,229
901,5,0,2,49.218305502670205,-2.9861465961070754,16.34307635697666,120,118,89
902,8,4,-1,78.0847583667048,37.13391334674077,-14.29169967860988,250,167,221
903,0,2,-4,4.258155955116727,24.74644097062417,-42.3614527628644,10,0,73
904,7,-4,2,70.18885226520081,-38.36371576870823,15.764824990939209,94,190,141
905,5,6,-6,50.47013818369945,62.90045282138945,-57.77500153618376,182,67,221
906,4,-1,2,36.10109196311108,-14.496599763159784,23.739229155450506,71,91,45
907,3,3,2,31.082804161356314,30.25575817701268,21.73289610057583,120,51,41
908,2,2,0,22.628536685972563,19.6407333437976,-1.505428955121313,80,42,57
909,7,-1,-2,66.95344555029976,-11.219969557229811,-19.77286478005491,122,170,198
910,8,-4,4,79.78560644433557,-37.36724225002192,35.06471278924577,139,216,129
911,5,4,2,54.87833996069064,44.431863021270445,22.680405839056505,206,96,95
912,2,-1,-1,24.84258848236809,-10.098296177643684,-14.811117436410148,23,64,81
913,5,0,-3,49.98659927717007,-4.810953873215008,-30.719984145938174,79,123,171
914,6,5,1,59.21678676518923,46.39364971625248,9.170665196771656,218,106,129
915,7,2,-2,70.27805633397129,15.27992269173295,-18.02981580513656,188,163,205
916,4,-2,2,40.611302147970925,-21.47766830553638,17.913877123879274,65,105,65
917,9,0,9,88.63358307357147,0.1867340109394932,85.91881197333349,254,220,16
918,6,0,4,64.67218283726518,2.683633029300025,38.803103820178265,178,154,86
919,5,3,5,51.59466351559654,29.68816530258184,54.29116553430031,182,101,22
920,6,-2,0,57.4804769520631,-15.344517416187584,-0.3446918336380555,107,146,138
921,4,7,0,42.4391598177525,67.97158541929377,-3.453143979814377,192,6,109
922,4,-2,5,44.13073963655188,-20.68573205360477,46.064835845988114,86,113,11
923,5,-1,-4,51.01094850990423,-12.655485127477885,-39.61208694288838,23,130,189
924,5,2,-4,53.43135766396091,17.185768557482273,-35.34927204669365,132,119,189
925,8,-1,-3,77.52330891084188,-5.3543519515037445,-26.85314529450544,157,196,241
926,6,-1,4,63.95655412088449,-13.391159984503853,39.19790581447808,149,161,82
927,1,1,-3,7.764200510332898,9.975141145861013,-30.286045952252422,7,20,64
928,7,5,6,65.40566726726317,46.20164503809182,61.66220748813861,247,121,45
929,4,7,6,43.66592619731021,66.77141634137179,57.87640651257657,203,14,3
930,3,0,-1,28.39607638718067,2.7351820874802755,-10.402776741234032,65,66,83
931,7,0,-4,67.83533822120769,1.2151515390142476,-43.55316725282255,125,167,244
932,3,-2,4,34.76508561832429,-23.388532882543085,40.21069076622845,56,91,1
933,8,-5,4,75.99792411362083,-53.83419777504539,35.61060403999352,76,212,117
934,2,2,-1,24.8411226712972,16.09506573542996,-10.367819115414523,77,50,75
935,6,-4,6,59.11589790934168,-36.12301013439407,56.90386463538133,96,158,19
936,2,-2,3,22.440927848831265,-23.404951807319605,28.015697908337657,22,62,4
937,1,1,-4,12.98574735414967,9.529377031398806,-35.612498662104194,6,31,84
938,7,6,2,65.80324804568775,55.32951273196113,23.19034592442315,254,113,122
939,8,0,1,81.14578877103888,1.7333535666281263,10.485454262975292,211,200,182
940,4,2,-6,44.27938473816653,23.11385382472625,-55.79665715104329,95,94,199
941,6,4,-6,56.19815458906153,40.82472004155108,-64.50074096379915,154,110,249
942,7,7,-3,65.09434653851855,68.28300028126688,-25.504002776873858,253,97,206
943,9,2,-2,87.17198311715109,23.67133781294212,-15.16063434328634,253,203,248
944,4,3,1,43.21845068434318,26.71440250076046,6.905148590866029,145,84,92
945,4,7,5,42.79662708079447,66.28546635081555,46.48601913900412,199,11,29
946,3,4,-4,30.18855507746168,41.32099305856946,-41.38196044787269,106,41,137
947,8,4,0,75.88214975350074,37.086266399817326,3.7336989719230607,252,160,182
948,2,-1,-2,17.609667727230793,-7.2099020095219295,-18.05333458598533,5,47,69
949,7,3,8,71.65877617846998,32.95835337007158,75.23596485192654,250,150,10
950,5,4,-1,52.63119405707658,43.14202877612294,-6.205446150741856,189,93,138
951,5,3,-9,45.12492429174827,26.923212711756012,-85.67556672218797,8,97,254
952,4,2,3,38.1502808480193,20.377431772487327,33.00992962011369,129,76,36
953,9,-3,4,87.93852886285359,-28.51720111920758,38.13758718013245,184,235,145
954,6,1,0,55.25539628733965,14.771600490495306,4.0277238632861145,159,123,126
955,8,-4,-3,79.70217922525327,-36.85182691125888,-29.331899211346645,7,218,251
956,6,-3,5,62.839962981792695,-33.3414333667148,49.7426643846372,110,167,54
957,6,6,3,60.44593173549836,55.92114591035674,32.20201722999957,240,97,93
958,9,-6,4,85.42113738698389,-64.04767473977546,43.875747763219984,70,243,124
959,4,-1,4,37.05721447954385,-7.639503142027243,40.99535369832228,89,90,9
960,5,5,-5,52.56244535577254,51.94926670214012,-49.95779763839714,177,87,213
961,6,1,2,59.316221219725264,6.775527248639445,20.511066077124276,164,138,107
962,8,1,4,80.6762365542262,5.985257414524603,41.86943902204752,230,195,121
963,5,8,-2,53.42739694777569,80.78265677317908,-21.150421498833573,236,18,167
964,4,7,1,42.21081124439068,67.15949693335021,12.721650080246238,194,5,83
965,7,-1,-5,66.6056521015489,-11.164770451969895,-51.12779790340491,57,171,254
966,1,5,-7,14.63014570161717,45.22530289752608,-72.36043021408025,17,0,145
967,7,0,-2,70.68109113689874,-3.285631237610165,-24.36867274585621,146,176,217
968,7,4,1,66.71462627579031,37.14833287121117,9.057421664351706,227,135,148
969,9,-2,2,90.70198734102918,-23.80631176902814,22.38716531772653,193,241,184
970,6,-5,2,62.26899673695422,-46.13301273042197,20.797986775318144,44,171,111
971,8,1,6,79.03338582202899,7.746638492471092,57.08564903003568,232,189,85
972,4,-3,1,36.30393838453509,-25.38947425860241,10.129716035630963,38,96,68
973,6,2,1,58.23416291087942,22.141473711601744,13.251043756377667,182,125,118
974,6,2,-2,64.71237385666186,15.70429008715607,-18.81468992019977,173,148,191
975,6,-1,-1,61.42807424703706,-9.420135105472903,-13.072353242716783,119,154,171
976,4,-1,5,42.7433576722245,-10.306832503737262,45.02304527132375,100,105,13
977,9,-4,3,89.92156420958952,-35.00567067619459,33.626006199312684,172,244,159
978,10,-3,6,95.43403447710512,-26.21817496037182,58.08502172360373,219,255,123
979,5,-2,1,51.43644823432192,-24.77650598160952,12.494727702189511,80,134,100
980,1,3,0,12.319483669944448,27.990180655156514,1.7129848208074727,65,9,31
981,2,6,-8,24.70292425737944,55.43127246102386,-78.52145887543884,70,4,183
982,4,1,-7,41.31502123951628,14.636363988230732,-68.25851715343177,7,94,212
983,7,4,-4,72.7702346367659,43.25326545989638,-40.48869758208147,228,149,254
984,6,7,-1,55.926164326302015,65.8168851392158,-12.879649563794594,227,72,159
985,7,0,-3,74.22210951277107,1.392981306965635,-26.44441549214216,164,183,231
986,4,4,-4,40.48795720855703,38.31987080899457,-39.92555727565741,130,70,162
987,6,8,3,55.863712460225145,78.94471902823574,28.347614036665536,254,33,91
988,7,-3,5,71.04730693292716,-25.59373601182635,45.43592184286018,147,186,86
989,6,4,5,60.45077953037136,40.45204523277979,46.908337616012496,222,114,64
990,5,1,0,50.912003701323954,13.70194635640798,-1.8971731262350968,143,113,125
991,3,3,0,25.76204296652637,31.480002553275767,-1.8104546960244996,102,38,65
992,2,0,-2,21.342884652501603,-4.385032171947357,-18.21746764299641,26,54,78
993,6,2,-3,64.70747824945539,24.021715298598643,-33.22658307957145,177,143,217
994,4,5,6,43.99188013608015,46.39348712616859,55.22985143045083,180,64,1
995,3,3,-4,27.19450240883745,29.138026058480843,-37.65568161125677,83,47,123
996,6,6,-2,59.39622522684927,55.638341824507,-22.836032197083544,219,98,185
997,5,1,-3,50.68429364656156,7.1471432648142486,-28.274072351395763,112,118,169
998,1,0,2,13.640276228330691,-3.6479454332299097,17.36605252717573,36,36,6
999,6,0,-2,56.91962346317217,2.6474613285982773,-19.771983944248905,127,136,171
1000,1,2,-4,13.034057837228346,24.638708003638627,-43.497018510878064,32,21,96
1001,7,2,-3,73.23212934638886,19.582283206436067,-34.74065314788773,191,169,244
1002,3,1,-3,33.91707051587699,6.313565916245295,-30.866587911165823,65,78,129
1003,4,6,-9,40.54455600243479,59.65969490672826,-87.9343273621383,113,51,245
1004,4,3,3,39.6697437917333,30.689657350028792,32.28490425886184,146,71,42
1005,3,4,-6,29.82947004901868,40.55211954179644,-63.45343783971123,80,45,172
1006,6,6,-1,56.25187528290466,61.60449851807953,-13.66650724001528,222,80,161
1007,6,4,0,62.18794982087793,36.678729304258304,-1.7279929745892098,209,124,155
1008,4,4,4,41.16077185570311,37.23011611299248,37.8764780565546,159,68,36
1009,4,0,3,44.889274956596594,-1.459327649228459,34.073906006394004,117,106,47
1010,6,8,-7,56.28697922459223,83.1716000543809,-65.95768341721211,224,42,253
1011,6,8,7,55.60856707431658,75.54456491426681,68.61809084617609,253,42,5
1012,2,-2,-1,24.593508466512414,-15.028252465049436,-8.01159958538168,17,65,70
1013,3,3,1,29.76246398491273,28.53783856848599,9.436211754407642,112,50,57
1014,6,2,4,56.2155610340696,20.944883247843272,36.76849557824156,181,120,71
1015,6,1,-7,56.38663939771956,14.624500083913585,-67.28575747553549,85,131,254
1016,6,0,-3,61.330416749065165,-4.307238822356119,-30.613307843121884,111,152,202
1017,3,3,-8,33.294531333976245,32.040606208397634,-76.74763393704688,33,64,204
1018,6,4,4,63.91895284868417,44.87600976496275,37.38090069941633,237,119,91
1019,5,1,1,54.12003830389068,14.434072064373192,12.834316845874149,159,120,108
1020,4,1,0,38.76838893078169,12.246570244343363,3.586685920539301,112,84,86
1021,7,1,3,67.80746661831495,5.007496940986345,33.629761919586464,189,161,104
1022,4,3,2,36.084729308671314,34.15908003367016,24.94142824317769,139,59,47
1023,2,2,2,17.874360216099312,18.15020792834554,23.60312538785664,72,32,7
1024,9,2,1,86.17255110033707,18.043439880952477,11.894395793729371,255,203,194
1025,8,0,7,84.19870000904152,-3.3795656743610403,71.14217639962904,232,210,62
1026,2,0,-1,24.26089171662309,-1.6354788435452294,-13.60412595742294,45,59,78
1027,8,5,-3,76.64920649845148,48.12542620685251,-29.352191042709297,255,154,245
1028,9,-2,6,94.740382276531,-20.724649437946383,61.01567503449483,229,250,115
1029,5,2,-1,45.31225252738861,19.041816954341986,-12.709979941459636,131,96,129
1030,3,-1,0,33.24368099599985,-12.580006357489651,-0.8131270134659307,54,84,79
1031,5,1,-5,46.43993032241023,5.638326742578636,-50.75595633682488,62,110,196
1032,7,-1,1,74.84248566636926,-5.47058158011049,8.65587761061104,179,187,168
1033,5,3,4,50.6553916503555,31.909252288163493,37.87128009875849,180,97,57
1034,6,7,-2,56.67500796101031,68.9174260935298,-23.9309585701041,229,70,180
1035,5,5,5,47.495196689354856,45.8695166928938,53.77316189420534,190,74,17
1036,7,5,0,69.07301219313555,52.950811274916745,0.6580700628717739,254,126,170
1037,0,0,0,2.3418199817467986,0.8171149233775349,-1.903924761892295,9,8,13
1038,3,2,3,31.245122977217783,22.702973534191788,32.45227468413687,113,58,22
1039,4,5,-4,37.4206959162349,49.49646598874069,-38.67204016005188,139,48,152
1040,8,-4,3,81.648037524824,-36.62937913355935,33.532247606753884,145,221,137
1041,6,6,-3,64.42500581261062,58.2322976038182,-26.237318478641143,236,109,205
1042,7,1,-5,65.01267952674854,11.320067897737315,-51.74274240426768,131,154,251
1043,2,0,1,17.91222702698247,4.88564436007291,13.10773961107849,55,41,25
1044,8,2,0,78.38358527759192,15.530832856552768,-4.025580571086929,220,184,202
1045,9,-6,0,89.5211857849842,-58.40300247857022,4.978065310301494,23,254,213
1046,4,4,-3,44.72288554771465,38.00328368873945,-31.303458688285343,147,80,159
1047,3,6,1,34.73563839916604,59.08923319631781,6.930234713062056,161,1,74
1048,1,2,-1,13.782821972943708,22.793872850016577,-5.862686606315326,61,20,44
1049,7,3,-2,68.70682333676878,28.738549480114063,-19.62194370742283,206,149,204
1050,3,0,-4,32.95507965797185,-0.9769106210651968,-36.82656354973719,29,80,136
1051,9,1,1,91.14765401217544,9.733262713070843,6.312286748431717,252,223,218
1052,10,-3,9,95.09129526841753,-27.18284858009934,89.23749606404314,225,254,16
1053,6,5,-6,60.48945549155695,53.88862728888444,-58.42607228736094,196,107,251
1054,10,-1,2,96.2430377535352,-13.021586484273373,24.87640493678638,233,251,195
1055,2,4,-8,20.329723763286133,42.47207711303969,-76.33859387622712,16,23,167
1056,3,6,-1,32.04550636873315,56.52375987017527,-6.597451559629541,147,1,88
1057,2,-1,1,16.311182906494942,-6.78548570334897,11.186957210113924,35,43,24
1058,3,-2,-2,34.61715904442493,-17.49755949925827,-18.28223578997762,5,90,110
1059,3,7,-8,34.24432809607182,65.10465073710436,-75.99529630606521,121,6,206
1060,7,6,-2,65.4989518487993,57.6896165647216,-18.89400608085801,242,112,195
1061,10,-2,5,95.50632743256868,-21.56026330485078,46.34547527708508,224,253,149
1062,6,0,1,58.24562743781465,-0.49578952609719,6.851952423228425,143,140,128
1063,4,2,-4,36.09691576190216,21.55625599911598,-39.43234951414101,91,74,149
1064,4,-1,-1,38.06996739019088,-8.556188602305392,-5.399651127500182,70,94,98
1065,4,-5,5,44.91592981232303,-46.074242558798495,46.918926752031474,4,124,3
1066,5,3,1,51.26249208156912,32.43843292686438,9.879934119927093,176,99,107
1067,2,5,-1,24.549856387478638,45.10588742335256,-10.09566881511892,112,11,75
1068,6,4,-2,61.49205278765349,36.98324012675125,-19.40184405749159,199,123,184
1069,3,-1,3,26.83920533143816,-11.842125401082535,31.788901129862733,56,68,7
1070,2,1,-5,21.327144453405573,13.439901132848709,-45.56268275026532,20,47,120
1071,6,3,7,63.77864161401624,33.27214375119652,66.8461949962306,225,129,19
1072,8,-1,4,83.91657176745916,-14.23800396297703,43.2464623346162,204,216,125
1073,10,-1,0,95.37757668343416,-8.974628504672621,2.718343438384885,225,247,236
1074,0,0,-1,1.2982459080280648,4.352657580509386,-12.65579937258378,5,2,27
1075,5,5,-2,47.28495535261058,50.55235315905809,-17.944995716498546,179,71,144
1076,8,3,3,75.75354051829065,29.25979377821197,34.270062484899654,250,165,125
1077,3,2,1,25.7920784722848,15.093239241127876,7.788975724388559,85,52,50
1078,4,4,0,37.58588992190752,39.21187818423419,4.583874294681333,145,58,83
1079,5,-5,6,54.78935700598716,-48.88175437526304,55.19717311502441,43,151,2
1080,3,2,-2,33.34976524720533,15.711099526255325,-17.205357640653773,93,70,106
1081,8,-7,3,84.79841093481636,-65.53131937978479,31.89239900838265,23,242,147
1082,1,0,-3,13.650305715300508,3.19903069710098,-29.105442760260825,4,35,76
1083,1,3,-6,13.983126175590002,32.815634460759355,-62.1401136315249,1,18,127
1084,8,0,-4,76.70294618752078,-1.4027556115739914,-35.591923629231694,154,192,255
1085,7,-3,-1,67.9353107791154,-32.19539735283372,-7.585642298956841,77,182,178
1086,6,7,7,55.280190305303066,73.1579536230037,68.3745903795597,249,48,3
1087,4,-4,1,41.39775380782261,-35.164666616885135,14.531999281591125,15,112,72
1088,3,-1,2,28.870772614306105,-9.960832556236394,24.478536521434734,62,72,28
1089,3,0,-2,32.87379532614992,-0.0108584114164866,-15.701453167116972,66,78,102
1090,6,9,-2,56.644599400590025,86.36170935615012,-24.692340783597324,252,3,182
1091,6,-3,-3,62.906342895184565,-25.0082822384794,-25.11364020343434,53,166,196
1092,8,3,8,75.11572571054823,25.94248844047675,77.07697081659585,251,165,13
1093,8,-1,3,84.39744947582821,-9.396639725113676,29.983506869738275,209,215,153
1094,4,-4,5,43.45690045727674,-35.96023699962744,46.47412640582568,50,117,2
1095,5,1,-8,50.712987830884046,14.269527064611207,-76.56774954141079,4,118,254
1096,1,3,-1,14.33648557187572,25.22607761305026,-11.466021376602995,63,19,53
1097,5,0,0,46.31659193894524,-0.7453346564705865,2.798392020257689,110,110,105
1098,7,1,8,74.11957004364686,11.320714028391189,75.54985890726489,226,173,6
1099,2,-1,3,24.03464603531876,-10.081358940169704,25.6734620396772,51,61,15
1100,10,-2,2,95.11769385984012,-18.58763708855643,21.09805564887186,216,251,199
1101,9,-1,-2,85.90678966614745,-12.821024285078364,-15.73096992061589,174,223,244
1102,7,-2,-2,65.84747891835032,-20.892057037778635,-23.851698971177715,84,172,202
1103,10,-1,4,95.8868847536353,-11.99634974537206,36.96095286277404,240,249,170
1104,3,1,3,26.941405115930834,8.930209351718954,32.22147088948012,85,58,10
1105,8,2,-3,79.80041621824851,18.657512108413265,-27.183078761929448,214,187,249
1106,8,2,6,75.07186218172225,24.848588733967,60.59224318987272,247,166,69
1107,5,7,7,54.06903336030307,74.07303125810866,66.6155332681829,246,40,7
1108,1,2,0,5.194260346068553,16.28594406570942,-3.3905532994880474,36,6,23
1109,4,4,1,40.56962455381289,37.62871003353499,10.853577009352533,153,67,80
1110,6,3,0,60.558904696342125,31.82144852618141,-2.032968125164669,197,124,151
1111,2,1,-2,23.972319163853108,12.58017506415604,-19.78607378388513,64,51,87
1112,2,0,3,20.74401658389208,-3.6474144397767594,25.898771323586665,53,51,7
1113,6,1,-2,64.16611795672182,11.896732709445857,-16.923454356236476,166,149,186
1114,1,0,-2,14.331603274431888,-2.052100984694938,-18.33860995347054,15,38,62
1115,10,-2,1,95.34011514505956,-17.014941516304727,14.817471567171925,216,251,212
1116,3,6,2,34.83297631875868,57.72627692963514,20.241272055452814,162,7,54
1117,6,4,-7,56.238066909687205,38.89395565529696,-65.57324970942861,149,112,251
1118,7,7,-5,65.1643437025508,69.73096284268205,-49.45599756979118,242,98,249
1119,6,-2,-5,63.81380562295655,-16.819383763327032,-46.87493187082472,8,166,238
1120,6,1,-6,58.2769001692818,6.23233041238419,-56.559579961350856,88,140,240
1121,9,1,4,87.47265575628153,5.913538516682914,39.29263444329691,249,214,144
1122,0,0,1,4.866048136059295,-3.134853053743711,5.529301545499182,14,18,4
1123,10,0,3,96.31697959049092,-4.45584989810005,28.788747941148408,252,246,188
1124,10,-3,8,95.23888340973788,-26.07303861321708,78.06346418648383,225,254,71
1125,3,-1,-3,33.37650852125411,-5.624359446255889,-34.354250970098,13,83,133
1126,2,5,-3,23.90253655451734,45.33646757620724,-28.55953095416745,103,12,101
1127,3,5,5,31.33798480777783,53.41803532182568,45.85036747220228,149,5,0
1128,6,-1,1,60.19195217499978,-13.811613037019663,10.451339778356928,125,152,126
1129,1,1,-2,10.38396443451883,10.85501639507812,-24.54535965404265,26,24,62
1130,2,5,0,24.659079330435745,46.92364561194034,-0.234755938521125,117,3,61
1131,0,2,-1,4.587609800153395,20.088242975566743,-8.958545900042413,37,1,29
1132,5,1,-4,48.083718572558894,7.401558047088086,-37.64113596737795,95,112,178
1133,9,1,-2,85.28249483916532,13.677891289842924,-16.680728484153384,228,205,245
1134,3,6,4,34.44220254248577,55.90616518302966,43.0576571265931,161,12,15
1135,0,2,0,3.9813413746757194,16.58891883385237,4.685875811493129,37,1,4
1136,10,-2,-1,95.56911102926094,-16.10767078822001,-5.421156234068292,203,252,252
1137,7,-4,-3,73.66029825602212,-35.11553323405159,-25.72917181342813,16,200,227
1138,5,2,6,52.98703331330175,16.07163238676318,55.93419902882941,168,115,16
1139,1,4,-4,14.101308705640708,39.03001318453031,-41.5537075039762,61,0,96
1140,8,3,6,75.304796645865,25.63621804068511,61.33518083350322,249,166,68
1141,1,-1,1,6.211030907065879,-5.1608163587714975,5.849973668685971,14,22,8
1142,5,0,-7,53.16125647810105,4.065464447001843,-65.42377185724486,17,129,241
1143,6,6,0,63.302938223013584,63.93879961108384,-1.4938183937561744,251,96,159
1144,1,1,-1,8.398586117538258,5.455134042078341,-7.240238067034094,28,22,34
1145,2,5,-4,22.368171022656945,46.44147016769373,-43.44756078855128,91,7,120
1146,7,4,8,71.27630371131345,35.23155109293824,75.4122638700957,252,147,8
1147,8,3,1,81.21971634968145,26.50368980780221,10.77905567211528,254,183,183
1148,6,9,-7,55.96287594496727,87.68013207652075,-66.97724628799007,229,18,254
1149,8,5,-2,75.43562260915814,46.09686503788196,-20.91901444696853,253,152,226
1150,5,-2,6,54.18552232268003,-23.99283143045128,55.44502613828088,108,140,7
1151,7,6,0,65.91613644501903,58.209579638153656,1.155214838846086,252,111,161
1152,7,5,5,65.41986037820696,45.44806423713776,53.24708502669684,245,122,64
1153,1,4,-3,14.103015934669669,37.744149472209024,-31.36269945869889,67,0,81
1154,7,3,-5,66.77393155314388,32.58560071994776,-48.608229407629366,185,143,251
1155,9,-4,9,93.09915113274415,-40.84998753594588,85.93346539375581,190,255,22
1156,9,3,-1,86.57319542027409,25.327915939568346,-13.915356383856016,255,200,244
1157,7,2,8,74.61272406484095,22.903465940468493,77.12903802889079,245,166,6
1158,3,6,5,32.72930430831345,55.10166654839879,45.07844216461764,155,5,6
1159,8,-1,2,80.99272470018978,-14.962393694693157,15.65748206411788,181,209,171
1160,6,8,2,55.320977297686966,80.38059767240674,22.20450139013821,253,23,100
1161,6,2,-7,56.00061001868616,18.85490306347226,-65.09583564220623,102,127,249
1162,5,0,6,54.48386890879601,3.248590712700228,56.37562590079908,154,127,15
1163,10,-2,4,95.64010099267672,-18.532588460818733,36.40350831886554,226,252,170
1164,8,1,-4,76.16231758302906,9.237975741843652,-35.72775441458995,177,184,254
1165,5,3,-1,51.8508469037193,30.830658189926478,-11.293163882443924,167,103,144
1166,1,4,-7,14.745564176002263,44.32164812569852,-67.76289399712216,32,0,138
1167,7,-7,5,74.67392246719568,-65.15804094830312,51.21251889366732,13,212,79
1168,9,1,7,85.91010114678633,7.474875854898977,65.41973046540836,254,208,84
1169,10,-2,0,95.44501300293776,-20.72859715679759,-1.5766919558814152,195,254,244
1170,1,-1,0,9.124449554332212,-8.316507302734838,-2.6292116160830323,9,29,29
1171,6,9,-3,57.33717279616209,86.01753267620121,-26.512598182458945,253,17,187
1172,9,0,-2,85.86559847296702,1.166887747884815,-20.81127182078708,201,215,254
1173,0,0,-2,2.153188624584647,3.499188697747985,-15.40026303398348,3,6,32
1174,2,1,2,15.101409821348668,6.728467002906774,18.52045867800532,52,34,9
1175,8,3,5,75.94481017005059,28.042065555268948,52.75507861771851,253,166,89
1176,3,1,0,28.35002852025123,8.935269587499572,-0.5270666004879021,80,62,68
1177,3,2,-3,29.825809163645864,15.390660712818638,-29.782901111500635,74,63,117
1178,3,-4,3,32.66043220260169,-35.98690917050307,34.92241935041722,5,90,10
1179,1,-2,0,13.44091365653481,-15.495769957429086,4.948596041534447,7,40,27
1180,2,2,1,17.365854132888224,20.936469028842197,6.76204710280447,71,29,34
1181,6,0,-7,55.50742281710152,4.3757338845216704,-67.71914186750267,20,135,252
1182,7,6,1,66.62560452288234,55.478734278707535,6.139117579016418,252,116,154
1183,4,4,-6,40.95946192254628,35.30411881035056,-55.826378547312295,111,76,190
1184,1,0,1,11.84221348594885,-2.4334435974176367,7.981530696719741,31,32,20
1185,6,8,4,55.30947393833654,79.2251300997871,38.94044870958137,254,27,72
1186,3,0,0,34.35486801182109,-0.7929465541559877,4.879464648428633,82,81,73
1187,6,-1,7,64.4634078906926,-11.587693831624946,65.84441886981544,160,161,2
1188,0,1,1,4.259846735271456,5.206919506773003,6.050542357744831,26,11,1
1189,9,1,6,85.24792430352525,9.521117037937952,55.09415074246713,253,205,106
1190,1,0,-1,7.976477938603665,0.2520005762661759,-14.73935371432522,12,24,43
1191,7,5,4,65.26503428923381,50.90682154132298,41.150196755068144,250,116,88
1192,2,5,2,24.711977046632637,46.26762283287312,21.407091059504477,120,3,30
1193,2,-2,0,19.200970298656152,-16.51786547111844,1.3996048345622292,13,53,44
1194,1,-1,-2,12.190357982309962,-6.019573004880929,-16.130094473897998,1,35,54
1195,6,3,-7,55.48448828903322,31.167538727170484,-68.56716361865031,126,117,254
1196,2,4,4,24.171659744414704,42.77674869505358,35.591099506368906,116,12,2
1197,8,3,7,75.02602599167966,28.32682942743431,67.51275084310345,253,163,52
1198,1,-2,2,13.009975274617204,-19.57474185115482,16.45686354426666,5,40,5
1199,2,5,-2,24.850504500632148,49.24831109963884,-24.95176283460712,112,1,98
1200,6,-6,4,62.21566314663875,-56.61790036128661,44.727246800403634,3,174,62
1201,1,2,2,14.833095084795254,22.031638637360405,18.902022927578383,68,22,9
1202,3,0,-5,34.65612795828883,2.678661507336644,-47.4538628853753,8,83,158
1203,4,8,-7,44.35322830548233,75.07637257495198,-65.96626257625971,176,8,218
1204,3,-3,0,34.491759019922505,-26.01675472850673,1.9992838015119971,17,92,77
1205,7,2,-5,66.37583569764418,24.673004344564376,-47.17289192173419,170,148,247
1206,4,-5,4,43.83628481249312,-45.376372695133895,44.58754663084599,0,121,10
1207,3,4,5,32.78100674891519,37.89472044223924,45.03841231752399,136,46,0
1208,8,-2,-4,75.97901648120171,-16.025559215885053,-35.33561945263284,110,198,252
1209,10,-3,5,95.21507204331874,-25.146159317589067,49.15354721871688,217,254,142
1210,8,-6,0,84.08358003285261,-55.7516103339028,4.438235383984801,8,237,199
1211,10,0,-1,95.40505608187594,4.761530414420346,-6.242702942277201,247,239,254
1212,1,-1,2,12.302406444686016,-11.135091783089177,15.721405321456524,22,36,5
1213,10,-2,3,95.15130520499972,-19.00960833358223,31.239674017592822,221,251,179
1214,7,0,8,74.94055556538666,0.7388926613731694,75.90369066273357,212,182,0
1215,0,1,-3,2.8494924196844345,11.049035798246967,-29.56077636234128,3,4,52
1216,8,-1,-4,75.12930983576193,-10.870171511816128,-36.04831230770118,123,193,251
1217,6,8,5,55.54669925313095,76.35938812972066,45.35689717913811,252,40,61
1218,0,2,1,4.520706352834559,17.641511640137455,5.922275748234068,39,2,3
1219,6,6,-7,55.052062474672525,60.035699562458575,-67.78673802204993,182,86,252
1220,7,8,-5,65.33011621188913,76.265562683076,-45.171651576305024,255,87,242
1221,9,3,-2,85.23107649132379,27.122445830404573,-15.932248858441088,253,195,244
1222,5,-4,6,54.45483091378031,-42.72507903140144,55.59480258196,65,148,0
1223,10,-1,-1,96.20173546908978,-12.816781378316266,-5.9541332568793015,212,252,255
1224,2,5,1,23.536709698849897,45.623866680981365,13.439660356774064,115,1,39
1225,2,1,0,24.85383238256016,10.529784781150576,4.936246870181583,76,53,52
1226,6,-2,7,63.78489716441415,-15.097670979468402,65.12742835078149,152,161,1
1227,1,4,-2,14.448295002607733,35.4393863914243,-18.22712393458129,72,3,63
1228,10,0,2,97.18104928686164,-3.3638959010985348,23.444787258319245,254,248,201
1229,4,4,-10,38.34562411443204,44.85352292997613,-95.14305352736262,37,67,251
1230,10,-3,3,95.01606578395813,-27.399225172322016,33.783457435142864,204,255,173
1231,3,-1,-4,34.99801741746841,-5.439447659856878,-37.88498538223308,0,87,143
1232,6,8,6,55.80279985592124,75.25482784535647,63.464696855463565,253,44,24
1233,5,7,-9,45.11677499128047,70.0413547828731,-85.24738922020892,151,43,254
1234,8,5,-4,75.3957814407157,50.16489753575498,-35.097171552745095,251,149,252
1235,6,7,-7,55.30515536495284,71.50810062126695,-66.08380386595587,203,68,250
1236,6,9,-1,56.74083464898426,85.17728206624697,-12.78363850088644,255,10,162
1237,7,-5,-1,74.62599924910964,-45.22718317120095,-5.500074078499662,27,206,192
1238,8,3,-4,75.65336273931966,32.14884120302264,-35.04205986512512,221,166,252
1239,3,7,-7,34.08460691325973,65.54677520224355,-74.49941734808634,123,1,203
1240,10,1,0,95.4243298255158,5.837135704076957,1.0759846754180291,254,238,240
1241,6,-4,-2,63.69611514408274,-35.22319433478754,-15.682924495091966,8,172,181
1242,0,-1,0,4.327161485978898,-5.354742723453487,2.229079666362815,4,18,10
1243,2,5,3,23.964244144163985,45.43618878767416,33.170000574546656,118,2,8
1244,1,4,-1,14.598146205008064,36.22999237361463,-13.668202593589196,75,1,57
1245,0,-1,1,4.072194220871687,-6.727610356310601,5.07831209450888,2,18,2
1246,5,9,-4,54.66623928501505,85.14032304010766,-38.99004794777958,238,2,201
1247,2,-1,-3,24.092829797486125,-5.44583159499365,-25.75829176421032,11,61,96
1248,7,7,-2,66.23926477725179,66.30313634636897,-22.609171941448736,255,103,204
1249,8,2,-4,75.11928566596127,18.55195536890347,-37.21011129987879,192,175,254
1250,2,3,4,24.1684058812305,34.289949631264584,35.55205254994493,107,29,0
1251,8,4,-4,75.74416919457015,40.66295496986327,-35.27821737570809,236,159,253
1252,10,-3,7,95.00103343000993,-25.275433378985745,71.26025137110261,224,253,90
1253,2,5,4,24.6128505487546,45.33587863656277,36.4010356633588,120,5,2
1254,8,4,2,75.61794185894675,35.52159426270129,17.5797488402901,254,160,156
1255,9,1,9,85.44190680740238,5.0349515935314,85.05396660678296,252,208,0
1256,4,-1,-5,44.97106659030217,-5.783285751852995,-46.28831666407256,0,112,184
1257,2,-3,1,23.01850975534613,-25.030271940432,14.929159698776164,7,64,31
1258,5,-1,-6,54.30859269983812,-5.240180859135246,-55.26727376666267,1,136,226
1259,4,8,-6,44.75292170740187,75.56812723077184,-57.76019077995718,184,0,205
1260,9,2,2,85.5843226639208,16.78484176498285,18.416937259525117,254,202,180
1261,10,1,-1,95.99347130444067,7.292978497099812,-5.818360787692378,254,239,255
1262,0,3,-5,4.968553441086094,25.837369103995183,-46.0812734893077,3,2,80
1263,10,-3,4,95.08788689914056,-25.16969360809568,35.43844336162814,210,254,170
1264,1,4,2,14.958930743250502,35.13435016575311,23.10793351291655,82,1,1
1265,10,0,4,95.09826800032629,-4.095077057929386,37.66488639997559,253,242,167
1266,7,6,3,65.10366871331003,55.15147711010904,29.5562806836571,253,111,109
